ID,EDU,SAL,EXP,HAB,EDM,EDP,HER
1,13,6.17,1,1,12,12,1
2,15,8.49,4,1.5,12,12,1
3,10,4.75,1,-0.36,12,12,1
4,12,6.35,1,0.26,12,10,4
5,15,11.13,2,0.3,12,12,1
6,15,6.23,2,0.44,12,16,2
7,15,5.92,3,0.91,12,12,1
8,13,8.33,4,0.51,12,15,2
9,13,7.02,2,0.86,12,12,2
10,11,8.93,5,0.26,12,12,2
11,12,11.47,1,1.82,16,17,2
12,13,11.13,4,-1.3,13,12,5
13,12,7.92,3,-0.63,12,12,4
14,12,9.02,6,-0.36,10,12,2
15,12,8.33,3,0.28,10,12,3
16,12,11.58,4,-0.72,14,12,1
17,12,12.06,3,-0.01,9,10,2
18,12,14.29,3,0.83,12,16,1
19,12,10.38,3,-0.69,12,12,3
20,14,12.42,2,1.04,12,14,6
21,10,8.93,2,1.18,12,16,2
22,12,9.48,2,1.04,12,12,3
23,12,9.29,5,0.47,15,12,3
24,12,4.9,2,-0.94,12,17,3
25,18,16.44,5,0.78,17,16,1
26,17,30.56,5,1.22,17,16,1
27,13,2.5,4,-0.13,16,16,3
28,17,12.8,3,1.52,16,18,2
29,16,8.08,1,0.3,5,4,2
30,12,6.11,2,1.18,12,9,1
31,11,5.87,2,0.42,11,9,2
32,15,5.25,1,0.71,11,8,2
33,12,16.11,6,0.18,6,7,3
34,14,10.69,4,1.17,10,12,2
35,14,4.57,3,-1.4,11,8,2
36,12,10.38,2,1.61,16,12,2
37,11,5.98,2,0.41,11,10,1
38,11,6.42,1,1.62,16,16,1
39,13,6.82,4,-1.06,12,14,7
40,13,9.87,4,0.51,14,15,7
41,15,11.47,3,0.68,13,14,3
42,11,9.02,2,0.48,9,12,5
43,12,4.52,3,-0.12,9,12,5
44,14,7.69,2,0.84,16,16,4
45,11,5.1,6,-0.13,12,12,3
46,12,5,12,1.08,12,12,3
47,12,6.04,2,0.88,12,12,2
48,12,6.17,2,-0.59,12,14,0
49,9,8.58,4,0.2,12,12,3
50,14,5.98,0,1.4,16,17,2
51,12,6.35,1,0.93,16,18,2
52,12,6.04,2,0.91,10,12,3
53,12,10.38,2,0.98,13,12,0
54,11,7.17,2,0.15,12,12,2
55,12,9.48,3,1.07,12,14,2
56,12,5.81,1,0.29,12,12,3
57,12,4.17,2,0.06,12,12,2
58,14,8.16,8,-0.08,10,12,2
59,16,18.54,4,0.45,12,12,1
60,14,24.04,4,0.63,12,12,1
61,13,7.46,1,1.15,10,16,1
62,13,4.17,1,1.85,20,16,1
63,11,4.39,1,0.61,16,17,1
64,12,10.59,5,-0.9,12,12,2
65,14,8.93,2,0.78,13,20,1
66,12,5.1,3,0.77,16,16,1
67,9,8.16,5,-0.89,11,12,2
68,15,14.29,2,0.38,12,12,2
69,12,10.69,3,0.58,12,16,3
70,11,5.64,2,1.3,12,16,3
71,12,7.38,3,0.25,12,12,2
72,15,13.87,2,0.56,12,12,2
73,15,11.7,5,-0.25,12,8,2
74,12,5.25,1,0.31,10,14,3
75,12,4.43,3,-0.35,10,15,3
76,10,5.25,4,-0.73,9,9,7
77,14,5.2,2,0.88,12,12,3
78,9,4.34,5,-1.03,11,11,6
79,12,11.7,3,0.32,12,12,3
80,16,8.93,4,1.11,12,12,3
81,11,6.48,8,-0.87,8,12,2
82,12,5.05,1,-0.05,11,9,2
83,12,14.87,3,0.44,12,12,2
84,12,5.41,2,1.56,12,18,3
85,12,6.35,2,0.04,12,12,4
86,12,5.98,5,0.15,12,13,4
87,15,6.35,1,0.68,12,18,0
88,12,7.09,4,0.73,12,16,3
89,13,6.75,3,0.45,12,12,6
90,12,10.07,2,0.79,15,18,6
91,12,6.48,2,-0.34,16,13,2
92,12,8.75,1,0.25,12,14,1
93,9,6.42,9,-0.48,12,12,1
94,12,7.92,2,-1.39,12,12,1
95,12,8.58,3,-0.41,12,12,5
96,12,12.42,1,-1.04,12,8,4
97,11,6.29,5,-0.14,11,10,3
98,11,4.43,4,-0.98,12,12,2
99,15,9.02,3,1.05,12,18,2
100,12,6.55,2,-1,12,12,2
101,12,11.94,2,0.59,12,10,1
102,12,12.3,3,0.18,13,12,3
103,14,11.47,4,0.24,12,12,3
104,15,15.33,3,1.78,12,16,3
105,13,7.46,2,-0.02,12,8,2
106,12,9.97,4,-0.15,12,12,4
107,12,8.93,3,-0.75,12,12,4
108,15,3.28,3,-0.06,12,12,4
109,12,7.46,3,-1.32,12,16,3
110,12,10.91,2,-0.21,12,12,4
111,11,6.75,6,0.16,12,12,3
112,15,8.08,6,-0.36,12,13,3
113,15,9.29,5,0.64,12,12,3
114,12,5.98,13,-1.71,12,13,3
115,15,6.11,1,0.99,14,14,8
116,11,5.2,1,0.38,14,14,8
117,14,5.98,1,0.91,12,18,2
118,10,10.8,6,0.2,12,12,2
119,12,12.67,4,1.29,11,12,3
120,11,7.02,1,1.05,11,12,3
121,11,6.48,2,1.29,12,12,5
122,16,6.82,2,0.9,16,16,6
123,12,10.38,7,0.62,12,12,5
124,13,10.8,6,0.42,11,12,2
125,12,7.02,3,-0.59,14,11,7
126,12,9.02,1,0.25,12,16,1
127,15,5.47,1,1.04,16,20,2
128,15,5.75,3,1.48,16,20,2
129,12,14.87,4,-0.47,12,12,4
130,12,7.92,3,-2.27,12,12,2
131,11,5.75,2,-2.01,12,11,2
132,12,6.35,2,0.42,8,8,4
133,12,7.92,2,-0.67,7,12,5
134,11,7.31,1,0.22,12,12,0
135,12,5.75,1,-1.51,12,9,1
136,14,6.88,6,1.28,16,14,1
137,15,26.57,4,1.13,14,16,1
138,12,4.09,4,-2,12,12,3
139,12,11.94,4,-0.34,12,12,4
140,11,5.98,1,-0.43,12,12,4
141,11,9.87,2,0.71,12,12,1
142,15,9.02,4,0.02,12,14,2
143,15,10.38,5,0.59,15,14,2
144,15,4.01,2,1.25,12,18,2
145,12,11.47,2,0.38,12,12,1
146,13,10.59,1,0.8,12,12,3
147,12,6.48,3,1.09,12,12,3
148,11,5.81,2,-0.61,16,12,3
149,10,7.53,8,-1.63,8,6,4
150,9,4.75,11,-0.72,8,12,2
151,12,10.59,9,0.51,12,12,1
152,16,7.02,3,0.12,12,12,2
153,18,31.5,8,1.02,16,16,2
154,17,8.93,4,0.84,16,16,2
155,12,16.6,5,-0.03,12,10,4
156,11,5.36,4,-1.09,12,10,4
157,12,6.42,3,-0.07,12,14,2
158,11,5.2,2,0.26,15,14,4
159,14,8.24,4,0.3,12,18,3
160,12,12.8,4,-0.51,12,12,3
161,12,8.67,4,0.52,12,12,3
162,12,16.6,2,-0.81,12,11,4
163,12,8.33,3,0.97,16,12,3
164,12,8,3,-0.79,12,12,3
165,11,5.31,1,-0.05,14,9,3
166,12,5.15,1,1.48,12,12,2
167,13,8.84,3,1.4,12,12,2
168,13,14.15,1,0.28,10,10,0
169,12,13.19,2,-1.01,11,11,2
170,9,4.9,7,-0.14,9,10,4
171,10,4.01,9,-1.89,8,7,9
172,12,7.92,3,0.96,8,8,3
173,10,9.77,9,-0.91,8,8,3
174,12,4.13,2,-1.06,12,12,1
175,12,10.69,2,-0.06,12,10,2
176,11,15.48,5,-0.79,9,16,5
177,12,3.15,2,0.07,12,16,3
178,16,6.11,2,1.25,12,16,7
179,15,5.41,2,0.76,12,12,3
180,14,8.41,4,1.31,12,16,4
181,12,3.97,2,-0.07,12,18,2
182,17,4.71,3,0.09,12,13,1
183,12,11.13,3,-0.92,12,12,5
184,12,9.48,5,-0.34,12,12,5
185,12,7.92,1,0.98,12,12,4
186,12,5.15,1,1.89,12,12,4
187,12,6.35,1,0.38,12,16,3
188,12,5.81,2,0.01,14,16,1
189,15,8.93,2,1.02,12,16,4
190,11,6.95,2,-0.15,12,12,3
191,12,7.61,3,1.06,12,12,1
192,12,8.49,4,0.69,12,15,1
193,10,5.25,5,-0.39,12,11,3
194,11,8.16,1,0.63,11,14,5
195,12,18.35,3,0.65,15,16,7
196,12,6.42,2,-1.01,16,16,7
197,10,10.48,6,-0.76,10,9,12
198,12,7.76,4,0.56,12,12,3
199,12,6.88,2,0.21,12,12,2
200,12,6.11,1,0.54,12,15,1
201,11,5.31,1,0.35,12,15,1
202,10,4.3,7,-1.38,13,14,2
203,15,19.88,3,1.15,12,14,2
204,12,8.49,2,0.49,12,18,1
205,16,9.87,4,1.04,17,17,2
206,17,8.67,2,0.9,12,12,1
207,17,14.15,4,1.25,16,13,0
208,12,10.91,3,-0.24,12,16,5
209,11,4.8,1,0.64,12,16,1
210,11,5.2,2,1.12,12,10,2
211,12,5.92,7,0.84,11,8,4
212,12,5.58,6,-2.31,8,4,10
213,12,16.6,3,-0.88,12,12,2
214,12,1.8,8,-0.34,12,12,2
215,16,8.08,4,0.81,12,12,2
216,12,6.11,4,0.87,10,14,2
217,12,16.94,7,-1.31,3,12,5
218,9,5,5,-0.95,14,9,3
219,9,2.41,9,-1.59,12,12,2
220,12,5.98,2,-0.19,11,10,0
221,10,3.59,10,-0.43,9,9,4
222,15,6.75,5,0.26,9,6,4
223,12,5.69,1,-0.44,8,8,4
224,11,2.58,3,-0.76,12,9,2
225,11,9.58,2,-0.87,12,9,3
226,12,8.16,2,0.36,12,12,2
227,12,8.49,3,-1.72,8,6,5
228,11,11.58,7,-0.34,11,12,6
229,12,3.89,3,-1.3,9,15,3
230,12,19.1,3,0.39,12,12,2
231,12,19.68,1,0.49,12,12,3
232,12,8.84,4,0.11,12,12,3
233,12,8.49,2,0.23,12,12,3
234,12,17.99,4,-0.35,8,8,1
235,11,5.31,1,-0.34,12,8,6
236,11,5.31,1,0.32,14,12,1
237,12,10.48,7,-0.52,12,8,1
238,12,19.49,7,-1.12,13,14,3
239,15,4.26,2,-0.56,13,14,3
240,12,24.04,2,-0.97,8,12,5
241,12,5.36,5,-0.78,10,12,6
242,12,7.76,9,-0.38,8,12,5
243,12,8.58,4,-1.08,14,8,4
244,9,5.47,3,-1.53,12,12,3
245,12,6.11,3,-0.22,12,12,1
246,12,16.11,2,0.03,12,14,1
247,11,5.98,2,-0.19,10,12,4
248,15,16.11,4,1.6,12,13,2
249,12,9.48,0,1.06,12,13,2
250,15,10.07,5,1.05,12,13,2
251,12,14.43,4,-1.22,10,10,6
252,12,5.75,2,0.02,10,12,2
253,12,17.63,3,-0.69,8,7,4
254,12,12.67,7,0.7,12,11,2
255,14,7.46,1,0.29,12,17,4
256,12,14.73,4,1.7,12,12,1
257,12,5.58,2,0,12,13,0
258,15,9.58,3,1.21,11,12,2
259,11,6.82,2,0.46,11,12,2
260,10,4.57,3,0.02,12,12,4
261,12,10.07,12,-1.06,11,6,5
262,11,5.75,1,-1.2,12,12,3
263,13,5.98,1,0.96,12,12,3
264,18,14.43,3,1.09,12,12,4
265,17,8.24,0,0.9,12,13,1
266,12,6.95,6,0.3,16,17,1
267,12,4.48,3,0.67,12,14,0
268,12,11.94,4,-1.11,12,12,1
269,10,5.75,2,-1,12,16,1
270,15,8.24,7,-0.45,16,16,2
271,16,11.47,4,0.81,12,16,1
272,12,5.75,1,-1.43,8,11,1
273,12,3.78,6,-0.48,13,11,3
274,12,5.31,2,0.19,12,11,4
275,12,10.91,3,0.19,13,12,1
276,12,8.75,3,1.38,12,12,3
277,12,5.98,4,-1.11,12,12,4
278,12,5.41,4,0.66,11,12,4
279,12,6.17,2,-0.25,14,16,3
280,12,11.02,2,0.32,12,16,1
281,12,5.58,2,1.26,15,18,3
282,10,5.31,2,-1.69,9,12,5
283,9,2.74,6,0.34,12,13,5
284,13,7.61,4,1.27,16,17,4
285,15,1.97,1,0.94,16,16,6
286,10,5.25,1,0.55,16,16,6
287,14,3.52,5,1.06,20,20,2
288,12,8,5,-0.76,14,14,3
289,17,17.99,6,1.25,12,14,4
290,12,11.94,1,0.28,12,14,4
291,15,4.95,1,0.34,11,10,7
292,13,9.58,2,0.61,13,16,1
293,16,4.8,1,1.02,12,12,4
294,13,7.31,2,0.71,12,12,4
295,16,5.58,4,0.87,12,10,2
296,13,14.87,1,1.12,14,16,2
297,10,7.61,8,-0.36,10,13,3
298,12,4.66,2,-0.5,12,12,3
299,15,12.42,4,1.08,12,12,3
300,12,3.66,3,-0.95,12,12,3
301,12,9.58,3,0.15,10,11,6
302,15,3,1,1.07,12,13,2
303,15,16.11,3,0.99,12,14,2
304,14,14.29,3,0.82,12,14,15
305,12,7.31,4,0.89,12,12,2
306,12,12.42,5,0.27,12,9,5
307,10,6.17,1,1.17,12,12,6
308,11,2.13,1,-0.5,12,12,6
309,13,9.87,2,-0.26,12,12,3
310,16,7.76,1,1.38,12,12,0
311,14,3.45,1,0.03,12,12,1
312,11,6.23,1,0.97,12,12,1
313,13,18.17,3,0.77,10,12,9
314,10,5.98,1,-0.99,11,12,9
315,12,5.58,1,-0.21,12,12,3
316,12,9.58,3,0.51,12,12,2
317,11,7.02,1,0.25,12,12,2
318,10,8.75,2,-0.75,12,12,6
319,12,4.66,4,0.2,8,12,1
320,14,22.19,7,1.11,15,16,3
321,15,4.22,4,1.35,15,16,3
322,15,2.82,3,1.36,15,16,3
323,12,8.16,4,-1.24,12,10,7
324,11,11.94,2,0.23,8,10,6
325,12,6.61,2,0.31,12,12,4
326,12,4.26,4,1.01,12,12,2
327,11,11.13,2,1.25,11,12,3
328,12,15.95,3,-0.6,10,8,5
329,15,7.46,5,-0.77,12,20,7
330,12,5.36,5,0.44,13,12,6
331,12,6.04,2,0.87,12,16,3
332,12,12.93,2,0.09,12,16,8
333,12,7.92,2,-0.18,12,15,2
334,12,1.93,3,0.07,12,12,1
335,14,1.82,1,0.11,12,16,3
336,12,11.13,6,-0.06,12,11,2
337,11,4.05,1,1.04,10,12,2
338,11,6.35,2,-0.11,12,12,0
339,12,5.2,3,-1.62,8,8,3
340,14,6.61,7,1.3,9,8,3
341,16,4.95,9,1.06,14,16,0
342,15,5.31,3,0.73,16,16,2
343,9,5.31,2,-0.29,14,14,6
344,12,3.52,2,-1.47,12,9,2
345,16,11.13,4,1.22,8,12,2
346,12,5.58,1,1.19,12,12,3
347,15,6.35,3,0.6,12,12,3
348,13,4.22,2,0.94,12,16,1
349,12,9.87,3,-0.31,10,14,6
350,12,10.17,3,0.56,12,12,4
351,12,10.48,4,0.53,12,12,7
352,12,5.98,2,0.53,16,16,3
353,12,5.47,1,0.39,8,12,1
354,10,5.81,7,-0.32,8,5,8
355,12,6.75,7,-0.55,8,5,8
356,12,7.92,3,-0.25,12,9,2
357,11,7.09,5,-1.44,12,7,1
358,14,7.24,10,0.35,16,16,4
359,16,9.39,1,0.78,16,16,4
360,14,16.77,5,0.26,14,16,1
361,12,14.87,5,-0.04,12,16,0
362,12,5.98,1,0.92,12,16,2
363,11,9.97,5,-1.04,8,8,0
364,12,3.81,2,-0.41,17,17,3
365,10,6.04,3,0.36,13,12,3
366,12,8.33,7,0.48,14,14,4
367,15,16.77,6,0.43,14,14,4
368,15,7.92,2,0.6,18,20,4
369,15,6.68,3,0.67,16,20,4
370,11,7.46,4,0.13,16,20,4
371,12,4.8,1,-1.8,12,18,3
372,12,9.11,5,0.22,12,14,3
373,12,9.67,2,-0.22,12,14,3
374,11,6.82,2,-0.42,11,8,3
375,15,9.11,4,1.27,14,11,2
376,15,4.48,2,0.16,12,18,2
377,13,9.48,2,-0.81,14,9,2
378,16,3.93,2,1.3,16,17,2
379,16,10.48,1,1.21,16,16,2
380,11,5.69,1,1.16,12,12,2
381,12,6.68,3,-1.03,12,13,4
382,12,4.71,2,-0.55,12,17,3
383,13,4.13,6,-0.49,12,12,1
384,10,18.54,7,-0.11,11,6,3
385,12,7.17,3,-0.38,9,12,2
386,12,4.8,4,-0.31,12,12,1
387,11,9.39,4,0.15,11,11,3
388,12,5.98,2,-1.13,13,12,2
389,9,4.26,5,-0.57,12,12,1
390,9,6.35,7,-1.46,12,12,2
391,12,5.52,3,-0.17,12,12,2
392,12,2.27,11,0.18,12,12,2
393,15,5.81,1,1.24,12,12,2
394,12,11.02,2,-0.26,12,9,2
395,10,10.48,2,0.59,12,9,2
396,12,4.39,2,-0.42,12,12,5
397,11,8.67,6,-0.22,12,12,2
398,9,7.17,4,-1.34,10,14,2
399,12,7.09,6,-0.52,12,0,15
400,11,3.97,1,0.09,12,12,4
401,15,17.46,3,-0.16,11,11,4
402,15,11.94,3,0.43,14,17,1
403,10,7.09,3,-2.09,6,3,1
404,13,6.95,5,0.95,11,11,2
405,15,10.91,4,0.81,12,8,3
406,11,4.43,8,-0.98,11,4,2
407,9,8.08,5,-1.91,9,3,4
408,12,7.69,3,0.09,10,12,3
409,12,4.39,1,-1.06,11,12,3
410,12,6.42,3,-0.73,11,12,2
411,11,5.31,1,0.01,12,12,1
412,12,7.84,5,-1.65,12,12,3
413,12,6.04,1,0.06,12,12,3
414,15,15.48,5,0.65,14,20,8
415,15,3.18,4,0.64,12,16,7
416,15,6.48,2,0.84,12,16,7
417,12,6.11,2,0.25,11,11,3
418,12,7.92,2,-0.62,14,16,4
419,12,7.31,8,-0.4,16,16,2
420,12,7.46,3,0.73,12,16,3
421,12,9.11,4,-0.85,8,8,7
422,11,9.77,5,-2.02,9,8,6
423,9,3.89,5,-0.9,9,12,4
424,11,7.24,2,-0.43,9,12,2
425,12,7.53,9,0.8,12,14,2
426,12,7.46,2,0.81,12,16,2
427,14,11.13,5,-0.26,10,20,3
428,15,8.93,5,-0.09,10,20,3
429,10,12.67,5,-0.66,12,12,3
430,10,11.35,3,-2.27,6,4,5
431,10,11.94,7,-0.32,10,10,1
432,15,2.03,4,0.12,12,12,4
433,15,1.66,1,1.15,13,17,2
434,13,9.48,4,0.31,12,10,1
435,12,4.75,1,1.14,12,12,1
436,12,7.61,2,-0.82,6,9,1
437,16,17.99,5,1.44,16,16,3
438,19,10.17,1,1.06,16,18,1
439,14,7.53,2,0.93,18,14,1
440,12,7.46,2,1,12,19,3
441,10,5.98,2,1.22,14,16,3
442,17,9.58,4,0.78,13,12,1
443,12,7.61,4,-1.21,16,14,2
444,11,6.11,1,0.07,12,11,2
445,13,14.58,6,1.02,12,16,9
446,10,6.95,2,-0.7,12,7,4
447,9,4.61,2,-1.27,12,10,4
448,12,6.11,3,-1.28,12,14,4
449,11,6.95,3,-0.11,12,13,5
450,12,5.98,2,0.27,12,14,4
451,11,2.15,2,1.04,12,14,4
452,12,6.75,3,0.87,12,14,4
453,11,6.75,1,-0.71,12,14,3
454,12,12.3,3,-0.68,12,18,1
455,18,17.11,6,1.33,15,8,6
456,14,15.64,2,1.08,12,15,3
457,13,8.16,4,-0.12,12,13,5
458,11,5.98,2,0.63,12,12,4
459,10,7.24,5,-0.79,12,12,3
460,12,15.95,4,0.29,12,12,3
461,12,5.2,3,-0.02,16,13,1
462,12,8.84,7,-0.58,11,11,3
463,12,7.38,5,-0.26,11,11,3
464,12,2.48,7,-0.1,12,10,7
465,9,20.49,5,-0.22,12,12,6
466,12,7.17,1,0.6,10,12,1
467,11,6.11,1,0.12,12,12,2
468,11,5.2,1,0.09,12,12,2
469,15,31.5,3,-0.42,13,13,5
470,11,5,1,1,12,12,2
471,12,2.74,7,0.61,12,12,3
472,11,4.71,1,0.09,12,12,3
473,12,6.17,4,0.3,12,12,5
474,16,17.81,5,0.57,12,8,4
475,15,20.9,4,0.84,12,12,4
476,12,22.87,4,0.31,14,18,2
477,15,2.48,2,1.67,16,14,3
478,9,4.95,6,-0.02,16,14,3
479,14,7.69,3,0.99,12,12,3
480,12,6.35,1,1.72,12,16,3
481,11,6.17,1,1.77,12,16,3
482,10,5.1,2,0.15,12,12,6
483,10,6.29,2,-0.18,12,12,6
484,12,5.52,1,-0.27,16,16,1
485,12,15.79,4,0.53,12,12,4
486,13,12.67,2,-0.81,6,4,1
487,12,15.95,5,-1.63,6,4,1
488,11,6.95,4,0.34,12,12,2
489,13,5.98,3,0.1,12,12,6
490,11,11.35,7,-1.33,12,12,8
491,14,4.39,3,0.87,12,14,5
492,10,5.81,3,0.48,12,12,3
493,12,7.92,3,0.25,12,16,2
494,16,16.44,2,1.71,18,18,1
495,10,11.47,6,0.19,12,8,3
496,10,4.95,2,0.51,13,13,5
497,10,7.92,1,1.14,14,12,3
498,11,5.41,1,-0.39,18,14,2
499,11,6.95,1,-0.34,12,12,1
500,11,6.23,8,-1.61,6,6,4
501,12,10.38,3,-0.81,11,6,6
502,12,7.46,2,-0.3,12,12,1
503,14,8.93,4,0.68,17,20,3
504,15,6.95,2,-0.22,16,16,3
505,11,9.67,5,-1.97,2,2,10
506,12,9.02,4,-1.96,9,6,11
507,12,4.85,2,0.5,12,12,4
508,12,8.49,1,1.44,12,20,3
509,10,1.43,10,-0.93,12,12,3
510,10,10.38,4,-0.01,12,12,3
511,12,8.16,2,0.2,14,12,3
512,12,6.68,2,1.17,20,20,1
513,12,7.53,4,-0.34,11,16,3
514,11,5.98,1,0.16,13,20,2
515,12,5.98,2,-0.49,14,20,2
516,12,6.11,1,0.42,14,13,1
517,12,9.58,1,1.23,16,16,2
518,13,15.95,6,1.27,10,18,3
519,11,11.47,6,-0.8,12,12,0
520,12,12.42,3,0.01,11,11,0
521,11,5.41,5,0.73,11,10,4
522,12,9.67,6,-1.73,12,14,5
523,12,5.31,2,0.75,12,15,1
524,12,5,1,0.71,12,12,2
525,12,6.04,2,0.78,13,15,1
526,12,8.93,3,0.7,12,12,1
527,12,2.05,6,-0.65,12,14,3
528,12,6.17,2,1.17,12,16,5
529,12,11.35,9,-0.64,11,12,2
530,12,10.48,2,0.17,12,12,2
531,11,6.75,1,0.31,12,12,2
532,9,7.09,6,-0.74,12,9,9
533,9,8.16,7,-1.42,12,9,9
534,14,3.45,3,0.38,2,0,6
535,16,19.1,2,1.11,14,16,1
536,14,7.61,6,-0.35,8,4,3
537,13,5.36,1,0.89,12,13,2
538,12,4.61,6,0.33,18,20,5
539,12,8.75,4,-0.46,12,12,5
540,12,13.59,2,1.23,10,12,1
541,12,3.09,5,-1.04,8,8,3
542,15,8.33,4,0.59,12,12,1
543,12,6.17,2,0.06,12,12,2
544,12,3.97,4,0.69,12,12,2
545,12,7.38,3,-0.55,12,12,2
546,12,4.09,4,-1.93,8,9,3
547,12,5.15,7,-0.15,8,9,3
548,12,5.69,8,-1.23,8,9,3
549,12,5.58,2,-0.06,12,12,2
550,13,11.13,8,0.05,12,14,3
551,13,9.77,2,0.93,12,12,1
552,12,8,4,-1.1,10,9,3
553,12,10.07,3,-0.51,11,11,2
554,12,11.94,2,0.32,11,12,2
555,12,9.77,3,0.36,12,12,2
556,12,2.01,15,0.64,12,12,1
557,12,7.31,1,0.83,12,10,1
558,18,8.93,9,0.79,16,16,2
559,12,6.88,3,-1.12,12,12,1
560,12,7.24,1,0.33,12,12,2
561,13,5.52,4,-0.26,12,12,2
562,11,11.35,2,-0.32,11,16,3
563,11,6.17,1,0.94,12,12,2
564,14,5.15,1,1.05,12,12,1
565,13,6.75,3,1.03,12,11,1
566,13,3.49,1,0.74,12,16,1
567,16,10.69,2,0.34,12,15,2
568,13,4.48,3,0.99,12,16,1
569,12,5.52,3,-1.96,12,12,3
570,12,8.75,3,0.76,13,13,5
571,11,7.24,6,-0.75,8,9,4
572,12,8.67,4,0.59,12,17,5
573,12,8.16,2,0.78,12,12,2
574,12,11.94,4,-0.94,12,8,3
575,12,4.85,2,0.22,12,14,1
576,12,10.8,9,0.89,12,12,4
577,12,5,2,-0.08,12,12,2
578,13,9.77,4,-0.5,12,12,2
579,12,10.8,4,0.65,12,10,2
580,10,4.52,9,-1.87,10,9,1
581,12,12.67,3,-0.1,12,12,3
582,12,5.58,2,-1.21,17,17,1
583,12,7.84,8,-0.09,17,17,1
584,9,9.58,10,-1.36,12,4,4
585,12,7.02,8,-0.85,12,3,4
586,12,6.35,7,0.11,9,12,2
587,12,5,2,0.19,11,12,2
588,11,6.61,2,0.04,12,12,6
589,11,3.22,10,-2.5,12,12,7
590,15,9.2,4,1.09,12,16,2
591,15,14.73,5,-0.06,16,12,2
592,14,4.17,3,1.32,12,12,0
593,18,12.06,3,0.83,16,18,1
594,12,5.05,5,0.38,12,14,3
595,11,3.49,4,-1.7,7,8,5
596,12,7.61,1,0.38,12,9,3
597,11,6.75,1,0.87,12,11,3
598,11,5.81,2,-0.34,12,11,3
599,12,2.77,1,-0.94,12,12,2
600,15,13.19,6,1.32,17,20,1
601,11,8.16,4,0.37,11,11,6
602,17,4.85,2,0.92,16,12,2
603,11,6.82,8,-2.11,12,14,2
604,12,5.52,4,-0.78,12,15,2
605,12,5,1,0.31,12,12,1
606,10,7.17,4,-0.12,11,9,3
607,17,5.31,1,1.35,13,17,1
608,14,35.87,6,0.49,12,12,5
609,12,4.66,6,0.45,12,12,5
610,15,6.48,4,0.48,6,13,11
611,12,7.02,6,0.75,13,8,4
612,12,9.2,9,-0.33,13,8,4
613,13,7.38,9,0.24,12,12,0
614,16,14.01,3,1.39,10,12,4
615,10,5.05,4,-1.46,12,7,3
616,12,11.24,3,0.13,12,12,3
617,12,5.25,1,0.07,12,12,2
618,12,5.15,5,0.14,12,13,2
619,12,3.35,2,1.47,14,16,3
620,12,11.7,4,0.41,10,12,6
621,12,5.81,6,0.27,11,11,8
622,12,6.17,3,-0.58,12,12,6
623,11,7.38,2,0.17,12,12,6
624,10,3.93,2,-0.77,12,12,6
625,10,3.74,5,-0.77,12,12,6
626,12,11.24,6,0.33,12,12,4
627,20,34.12,6,1.43,12,12,3
628,14,8.49,5,-0.71,12,12,4
629,12,11.13,2,-0.58,12,12,4
630,12,10.38,4,1.41,12,10,3
631,12,12.55,2,0.93,12,8,3
632,12,12.42,3,0.02,12,12,1
633,12,5.47,2,0.82,12,12,1
634,12,5.2,2,0.21,12,14,2
635,11,4.9,1,1.31,14,14,6
636,12,5,1,1.04,12,14,6
637,9,3.97,2,1.55,10,12,2
638,12,7.02,4,-1.22,12,12,5
639,9,12.8,9,-0.74,12,12,4
640,11,5.69,2,-0.74,12,12,3
641,12,15.95,3,-0.81,10,8,0
642,12,9.97,4,0.09,12,16,5
643,11,5,1,-0.91,12,12,1
644,11,6.61,14,0.08,11,12,1
645,13,6.55,2,1.2,14,14,0
646,12,9.97,5,-0.03,12,12,2
647,13,6.68,2,1.08,12,12,2
648,11,5.81,6,-0.4,11,6,4
649,12,7.46,3,-0.31,12,10,0
650,15,2.41,1,0.86,14,14,2
651,13,9.02,2,-0.46,13,9,1
652,12,6.55,2,0.44,12,11,0
653,9,4.95,3,0.86,12,16,3
654,11,6.68,2,-0.09,3,8,3
655,11,7.02,2,0.58,11,10,4
656,13,6.48,1,-0.32,12,12,2
657,13,5.81,5,0.59,16,16,5
658,15,8.41,3,0.83,16,16,5
659,12,6.35,3,-0.02,12,14,1
660,15,13.59,4,0.51,12,13,5
661,12,9.39,4,-0.52,10,11,1
662,12,6.95,3,0.06,12,6,2
663,14,8.58,3,0.71,12,12,1
664,12,3.74,3,0.29,11,12,0
665,12,8.49,1,0.28,14,9,2
666,15,5.15,2,0.4,14,16,2
667,12,3.59,6,-0.23,12,10,1
668,16,11.02,2,1.38,12,10,1
669,15,3.66,11,1.34,12,18,2
670,11,3.85,1,0,10,10,2
671,12,6.95,2,-0.11,15,12,1
672,16,14.58,3,0.22,13,16,1
673,15,13.19,9,0.18,16,16,2
674,15,8,4,0.68,12,18,2
675,12,7.46,2,0.01,12,8,1
676,12,11.58,6,0.27,12,12,1
677,12,7.17,1,-0.34,12,12,1
678,10,5.58,2,1.03,9,9,3
679,16,14.15,2,1.8,17,16,1
680,15,5.41,5,0.47,18,16,3
681,16,15.48,2,1.05,16,16,5
682,16,18.17,5,1.26,16,16,5
683,13,5.36,6,0.72,16,16,5
684,12,9.77,5,-0.18,12,12,3
685,9,8.75,5,-1.28,9,9,5
686,10,5.64,4,-2.28,9,9,5
687,13,7.53,2,1.32,12,12,2
688,12,13.46,7,0.57,10,9,1
689,9,6.75,3,-1,8,8,6
690,9,14.87,5,0.17,15,13,5
691,9,6.95,3,-0.52,12,11,0
692,12,5.81,2,-0.19,12,12,2
693,9,3.59,9,-0.79,10,12,2
694,12,11.13,8,0.08,10,12,2
695,14,6.29,1,0.58,10,12,3
696,12,3.97,3,0.35,16,13,3
697,10,13.73,8,-0.6,9,7,4
698,12,7.31,4,0.62,12,10,1
699,15,8.33,3,0.95,12,9,1
700,12,5.69,2,0.97,12,12,3
701,11,5.41,1,-1.37,12,12,1
702,10,6.35,3,-0.02,12,12,3
703,13,4.48,1,0.39,12,16,3
704,12,9.97,6,1.57,16,12,6
705,12,7.38,7,0.26,12,10,1
706,12,1.49,5,-0.73,11,12,3
707,11,5.31,1,0.29,11,12,3
708,11,5.58,5,-0.15,12,12,3
709,10,5.47,15,0.37,12,12,3
710,10,17.28,10,-0.24,12,10,1
711,11,5.87,2,0.88,12,11,2
712,12,12.18,4,-0.39,12,12,3
713,11,5.58,1,0.14,12,10,1
714,12,8.93,5,-0.8,12,12,2
715,11,2.97,3,-1.71,9,6,8
716,12,11.47,3,-0.8,16,12,5
717,12,6.61,4,1.25,12,15,2
718,13,15.48,4,-0.49,12,12,3
719,12,7.61,3,0.1,12,9,5
720,12,6.23,3,-1.46,12,4,3
721,16,19.49,1,1.6,16,18,2
722,12,5.75,2,0.25,15,16,2
723,15,1.52,3,0.94,15,16,2
724,15,9.67,3,0.96,12,16,6
725,11,5,3,0.18,12,16,6
726,12,13.87,3,-0.33,12,12,3
727,11,6.55,4,-2.09,8,12,2
728,12,7.92,2,0.87,12,12,2
729,12,7.02,5,-0.38,12,12,2
730,10,1.55,6,-0.4,12,12,2
731,12,7.92,2,0.25,12,6,3
732,14,19.88,4,1.49,14,12,4
733,12,9.48,9,1.24,15,13,4
734,13,4.85,2,1.55,15,12,4
735,10,8.58,4,-1.19,12,12,5
736,15,5.36,1,0.05,12,12,4
737,11,5.87,1,1.28,14,16,1
738,11,7.09,1,0.32,13,10,1
739,12,7.24,4,1.21,10,12,5
740,11,8,5,-0.9,10,12,5
741,14,8.49,3,0.84,18,19,1
742,11,4.39,2,0.84,10,11,2
743,13,7.09,2,0.57,12,12,4
744,16,6.23,3,0.57,12,12,4
745,16,11.58,8,0.72,12,12,4
746,12,5.25,0,0.94,12,12,2
747,15,5.81,4,0.91,14,16,5
748,11,5.2,2,1.1,12,12,3
749,12,3.49,5,-0.25,12,12,1
750,16,15.33,4,1.46,16,16,2
751,12,6.82,7,0.03,10,12,2
752,10,5,1,0.28,10,10,5
753,13,12.3,4,1.38,14,17,3
754,12,5.87,1,1.54,12,17,3
755,12,4.66,3,-0.5,12,12,2
756,12,4.75,1,0.99,12,12,3
757,12,1.29,9,1.15,12,12,3
758,13,7.17,5,0.35,12,12,4
759,12,8.75,4,0.22,12,12,2
760,12,7.02,1,0.33,12,11,2
761,12,4.66,2,-1.24,12,12,2
762,14,5.15,1,0.99,12,12,2
763,12,8.08,2,0.95,12,12,7
764,12,6.11,5,-1.02,12,12,4
765,12,7.92,3,0.24,12,12,4
766,12,6.48,2,0.33,12,12,3
767,10,5.98,2,0.21,12,12,3
768,12,6.88,4,1.33,12,9,2
769,12,9.87,2,0.65,8,8,0
770,12,6.68,3,-0.39,8,8,4
771,12,5.81,2,-0.93,12,12,2
772,12,4.95,2,0.75,12,18,3
773,11,4.43,2,1.08,12,9,5
774,11,17.28,5,0,12,12,1
775,11,5,1,1.24,12,12,2
776,12,6.95,1,-2.03,11,9,3
777,11,5.41,1,1.42,7,12,5
778,11,3.28,1,0.61,12,12,2
779,14,7.92,2,1.08,12,9,2
780,11,5.98,1,1.03,12,12,1
781,14,3.89,3,0.89,12,12,3
782,12,6.35,4,0.07,8,8,3
783,12,1.56,6,0.82,12,12,5
784,12,8.93,3,-1.04,12,12,10
785,12,2.11,6,1.43,12,12,1
786,12,10.69,2,0.12,9,8,1
787,10,13.06,6,-1.33,8,2,12
788,12,5,2,0.4,10,8,3
789,18,8.75,1,1.61,14,8,1
790,10,12.93,9,-1.64,15,12,1
791,10,11.02,3,0.22,8,7,3
792,12,7.61,3,-1.23,12,12,1
793,9,5.98,3,0.66,9,8,4
794,12,7.76,3,0.46,12,12,2
795,12,9.58,5,1.02,12,10,2
796,15,9.87,4,0.64,12,8,1
797,9,2.36,9,-0.63,12,8,1
798,12,7.02,4,0.91,10,12,5
799,13,14.15,12,0.26,12,10,3
800,15,10.48,2,0.16,14,16,1
801,12,11.13,3,0.59,11,12,2
802,15,16.94,3,0.36,12,12,2
803,12,8,5,1.02,12,12,3
804,10,4.8,6,-0.19,12,12,3
805,12,6.11,1,1.75,12,13,2
806,16,6.55,1,1.12,12,12,1
807,14,6.95,2,1.32,16,18,1
808,12,6.55,9,-0.33,3,0,4
809,15,6.17,5,-0.43,0,0,4
810,15,2.07,9,0.02,6,6,8
811,17,6.23,9,1.1,4,14,8
812,10,8.33,6,0.4,4,14,8
813,9,5.98,7,-1.77,6,8,7
814,9,4.8,5,-1.95,8,5,2
815,10,3.49,15,-1.63,9,6,7
816,9,12.3,6,-1.84,6,4,10
817,13,14.43,6,0.87,12,14,3
818,14,10.91,1,1.43,15,15,4
819,17,7.61,2,0.79,18,19,2
820,15,2.77,4,-0.88,6,10,7
821,14,2.74,7,0.4,6,5,7
822,12,1.97,4,-0.18,10,5,6
823,14,5.98,2,0.65,5,0,8
824,14,5.25,1,0.19,5,6,8
825,12,6.23,3,-1.52,0,0,9
826,12,5.05,5,-1.38,6,2,6
827,12,6.11,3,-0.28,11,5,1
828,15,8,5,0.71,12,14,1
829,13,5,4,1.06,12,14,3
830,13,5,1,1.08,12,16,1
831,13,4.43,2,1.05,12,10,0
832,13,19.49,10,0.33,12,13,1
833,10,8.84,4,-0.05,9,7,3
834,12,7.92,4,-0.03,11,4,2
835,12,9.2,3,0.14,11,12,2
836,9,7.17,8,-1.58,11,5,1
837,12,4.66,3,0.05,12,12,5
838,14,6.23,7,-0.25,12,12,2
839,9,4.34,7,0.77,9,10,2
840,12,8.16,4,-1.13,9,10,2
841,14,7.02,3,0.71,4,7,5
842,14,10.38,11,0.94,5,8,5
843,12,9.77,4,-1.44,9,9,3
844,12,6.48,3,-2.19,9,10,2
845,12,15.02,2,-0.22,12,5,2
846,11,7.46,2,-2.09,12,9,2
847,12,8.93,8,0.44,9,10,2
848,15,14.87,5,1.41,12,12,1
849,10,8.08,4,-1.06,10,9,0
850,12,12.18,3,-0.8,10,12,3
851,14,4.71,1,0.8,12,12,4
852,13,5.52,1,-0.32,12,12,4
853,12,15.18,8,-1.26,7,12,0
854,12,3.66,4,-0.69,12,12,3
855,13,5.41,4,0.42,12,12,3
856,9,8.49,6,0.63,9,12,3
857,11,7.46,4,0.37,14,8,0
858,12,10.91,2,0.55,12,11,3
859,10,5.05,4,-0.7,12,11,1
860,14,10.48,6,1.43,12,8,2
861,13,6.95,2,0.87,12,10,2
862,13,6.95,4,0.14,16,13,1
863,17,11.02,1,1.44,16,20,2
864,12,10.07,5,-0.41,12,12,0
865,12,7.69,3,0.52,10,10,1
866,11,5.36,2,0.78,12,13,6
867,15,10.07,3,0.82,12,13,2
868,16,14.73,2,2.01,14,15,1
869,15,11.7,5,0.13,15,16,5
870,12,17.99,3,1.05,15,16,5
871,12,7.24,2,-0.19,15,16,5
872,17,8.93,8,1.55,12,12,3
873,9,9.97,7,-2.47,10,12,3
874,15,22.87,5,0.7,16,16,5
875,12,8.49,5,-0.61,12,11,2
876,12,5.98,1,-1.04,10,9,4
877,12,15.33,1,-0.04,16,16,2
878,16,15.95,4,1.58,16,17,1
879,15,12.67,6,-0.09,16,18,3
880,15,18.54,3,1.01,16,17,3
881,15,1.84,2,1.2,15,16,1
882,15,7.02,3,1.01,16,16,2
883,15,8.24,2,1.05,17,17,2
884,16,13.73,2,1.4,16,17,2
885,11,10.91,7,-2.05,10,12,3
886,14,10.91,4,0.55,10,8,1
887,12,5.98,2,-0.16,12,12,6
888,12,13.73,4,-0.57,12,14,6
889,10,8.58,4,0.46,12,12,5
890,12,7.24,2,-0.16,12,12,5
891,15,15.95,4,0.78,17,12,3
892,11,7.02,3,0.92,17,12,3
893,10,6.48,2,0.63,16,12,2
894,15,2.48,1,0.76,18,20,2
895,12,6.68,4,0,16,10,3
896,12,6.82,2,0.27,12,14,3
897,10,5.31,2,-0.26,7,12,1
898,10,5.2,2,-1.92,12,7,4
899,15,8.24,5,0.24,14,16,3
900,12,5.81,1,0.58,14,16,3
901,15,14.87,4,0.6,12,16,5
902,14,9.48,3,0.15,16,16,1
903,12,2.27,3,-1.57,9,8,4
904,11,4.9,3,0,7,12,2
905,11,5.58,1,-0.19,7,12,2
906,10,2.88,6,-0.72,12,12,4
907,14,5,3,1.11,12,12,2
908,11,6.61,3,0.12,12,14,3
909,11,5.81,4,-0.22,12,12,6
910,18,7.38,1,1.02,16,12,1
911,13,4.13,4,-0.28,12,12,3
912,11,6.11,1,1.41,16,18,3
913,15,18.72,4,1.69,13,18,3
914,11,5.58,1,1.5,13,18,3
915,13,7.92,0,0.84,12,12,1
916,12,3.63,3,0.63,15,10,4
917,12,10.59,3,0.87,12,12,3
918,12,7.92,3,0.47,11,11,4
919,12,13.32,3,0.79,8,8,3
920,13,37.33,2,-0.25,12,11,1
921,13,6.48,1,0.18,12,12,2
922,13,5.81,1,0.78,12,12,2
923,14,7.38,1,1.01,14,14,4
924,11,5.81,1,0.46,14,14,4
925,14,3.81,2,-0.19,12,12,3
926,11,4.95,1,-0.36,8,8,1
927,13,9.11,1,-0.26,16,14,4
928,12,6.17,5,-0.76,9,8,8
929,12,14.15,3,-0.36,12,15,6
930,12,6.35,3,0.37,11,11,4
931,12,12.18,3,0.44,12,12,1
932,12,8.41,6,-1.38,12,8,2
933,12,3.52,5,1.24,8,8,2
934,13,8.16,4,-1.34,12,12,5
935,15,15.33,3,1.09,16,16,1
936,12,7.02,4,-0.43,11,11,6
937,14,7.76,1,0.04,12,12,3
938,15,11.7,2,0.91,11,12,1
939,15,13.73,4,1.23,12,16,2
940,14,5,3,1.24,12,10,2
941,12,7.92,4,-1.01,12,12,2
942,12,18.35,5,-0.05,9,11,3
943,11,5.31,2,-1.39,12,12,5
944,12,5.41,4,0.33,12,12,2
945,15,16.11,4,0.8,16,14,3
946,15,10.38,1,0.55,12,12,2
947,12,8.33,3,-0.62,12,12,4
948,12,5.05,1,0.56,12,10,1
949,13,7.46,2,0,12,12,3
950,15,7.46,4,1.3,12,14,2
951,16,10.48,3,1.2,16,20,1
952,12,6.35,6,-1.48,12,10,2
953,15,11.13,3,0.76,12,15,5
954,12,5.2,2,-0.16,12,12,0
955,15,9.02,3,0.79,12,13,4
956,14,6.48,5,0.16,14,20,2
957,14,4.01,2,-0.33,14,20,2
958,15,6.55,4,1.27,14,16,3
959,15,9.39,2,1.11,17,16,1
960,16,9.97,1,1.33,16,16,1
961,17,20.69,3,1.19,16,20,2
962,20,11.82,3,1.48,16,20,2
963,20,32.13,5,0.59,16,20,2
964,16,13.19,3,0.54,12,19,3
965,18,86.48,10,0.75,16,16,1
966,15,7.17,4,0.4,16,16,2
967,17,16.28,1,1.58,15,7,2
968,12,5.69,2,0.73,12,12,4
969,11,7.84,4,-0.58,12,11,0
970,12,11.13,1,0.5,12,12,2
971,12,8.49,2,0.91,12,12,4
972,12,11.7,3,-0.36,10,8,4
973,11,5.31,2,-0.01,10,8,4
974,12,9.58,4,-0.17,12,11,3
975,12,14.87,2,1.06,11,12,3
976,12,10.38,2,0.38,12,10,2
977,12,5.41,4,0.37,12,12,6
978,12,8.49,7,0.3,12,16,5
979,13,5.69,1,1.39,12,16,5
980,11,3.25,1,0.67,12,16,5
981,12,3.32,4,0.89,12,16,5
982,17,13.87,5,0.56,15,16,1
983,13,9.11,5,1.21,11,16,1
984,19,12.55,4,0.94,14,16,1
985,10,7.24,4,-0.53,9,12,2
986,12,7.24,5,-0.08,12,8,4
987,12,4.95,1,0.42,12,10,4
988,16,3.7,1,1.39,12,12,3
989,12,2.11,4,0.11,12,8,1
990,12,8.67,3,0.13,12,8,4
991,12,11.13,4,1.42,12,20,2
992,19,6.35,4,1.23,17,17,2
993,17,8.24,7,1.39,17,17,2
994,15,12.3,5,0.99,12,11,2
995,11,5.75,2,-1.29,3,5,5
996,12,10.8,10,-1.08,5,8,3
997,9,8.49,13,-2.41,3,6,4
998,15,7.24,2,1,12,14,2
999,12,16.6,6,0.5,12,12,3
1000,12,11.13,3,-0.78,12,12,3
1001,13,4.66,5,-0.24,5,14,2
1002,10,5.75,3,-0.51,2,16,2
1003,12,7.24,4,-1.57,2,16,2
1004,13,4.26,5,0.04,8,8,1
1005,15,5.41,2,0.95,12,12,2
1006,13,5.25,1,0.78,12,12,2
1007,9,5.52,18,-2.46,16,11,2
1008,9,5.75,11,0.2,16,11,2
1009,10,3.52,4,-1.8,9,6,6
1010,11,7.92,2,0.67,5,8,6
1011,12,5.75,2,1.18,5,12,2
1012,12,5,3,0.35,12,12,2
1013,12,9.97,4,-0.98,9,8,1
1014,10,4.3,8,-0.11,12,16,3
1015,12,3.18,6,0.47,12,12,4
1016,12,4.52,2,-1.15,12,12,2
1017,11,5.41,3,-1.11,13,14,3
1018,14,5.36,0,-0.37,13,14,3
1019,13,3.56,7,-0.13,12,12,4
1020,12,10.91,8,-0.76,12,12,5
1021,12,7.24,3,0.24,12,11,5
1022,12,15.18,3,-0.12,12,12,7
1023,12,7.92,1,0.53,12,12,7
1024,11,7.76,1,1.35,12,12,2
1025,12,4.57,1,1.56,12,12,2
1026,11,7.46,2,0.86,12,12,2
1027,11,6.35,2,0.57,12,12,1
1028,11,5.31,1,0.87,12,12,9
1029,12,15.95,5,0.63,12,19,3
1030,13,5.1,2,1.44,17,17,2
1031,11,7.46,1,0.31,12,8,0
1032,10,7.92,1,0.7,12,12,3
1033,12,5.98,2,0.27,12,11,4
1034,12,17.99,4,0.26,12,12,4
1035,12,15.48,1,-0.58,12,12,4
1036,11,6.95,2,-0.19,12,12,1
1037,12,11.02,6,-0.34,8,12,0
1038,13,5.58,1,1.52,12,12,3
1039,12,6.42,4,0.98,12,12,3
1040,16,23.8,2,0.56,16,17,4
1041,14,13.46,2,-0.44,16,17,4
1042,13,15.95,4,0.23,16,14,2
1043,12,6.17,4,1.16,13,12,4
1044,15,21.11,2,1.81,16,16,6
1045,11,5.31,3,-1.14,6,6,4
1046,15,8,2,1.11,16,12,2
1047,12,8.33,3,-0.36,12,8,1
1048,12,16.6,3,0.37,14,12,4
1049,12,4.13,4,-0.79,12,12,2
1050,11,6.35,1,1.02,16,13,5
1051,13,4.85,1,-0.08,16,13,5
1052,15,17.46,4,1.16,12,16,3
1053,13,5.58,1,1.03,12,16,3
1054,14,7.92,1,0.83,12,12,2
1055,12,9.97,2,-0.09,12,12,3
1056,12,7.02,1,0.09,12,10,3
1057,10,5.98,1,-0.5,12,10,3
1058,10,5.75,1,-0.95,12,10,3
1059,12,11.94,5,0.19,12,12,2
1060,12,21.97,5,-0.25,12,12,2
1061,13,12.06,3,-1.64,3,1,8
1062,12,3.97,4,-1.79,5,0,3
1063,9,5,3,-1.65,5,12,3
1064,12,12.3,5,-0.04,12,12,0
1065,12,8.24,6,0.49,12,8,6
1066,12,10.69,5,0.44,10,10,3
1067,12,17.99,4,-0.37,12,12,3
1068,12,10.48,5,-0.18,9,10,3
1069,12,16.28,4,0.58,12,12,5
1070,12,3.74,5,1.01,14,12,3
1071,11,3.56,3,-0.95,10,8,5
1072,12,7.92,2,-0.19,9,12,2
1073,12,7.46,1,-0.73,12,12,3
1074,12,8.84,2,0.21,12,12,3
1075,15,9.11,5,-1.07,12,12,6
1076,14,5.87,1,0.91,12,12,2
1077,12,10.48,3,-0.24,12,10,6
1078,13,5.98,2,0.01,12,10,6
1079,13,9.2,2,0.37,12,10,6
1080,15,6.17,3,1.24,14,16,2
1081,13,8.75,2,1.25,12,12,1
1082,15,15.33,2,1.33,16,18,3
1083,11,5.75,2,0.53,9,9,6
1084,12,8.16,2,0.92,11,9,8
1085,12,5.31,5,1.05,9,13,4
1086,12,2.97,4,-1.86,12,10,4
1087,12,8.58,3,-1.34,10,8,9
1088,12,9.58,4,-1.12,10,8,9
1089,12,10.27,2,0.79,12,12,4
1090,12,9.02,2,-0.45,12,12,4
1091,9,6.55,6,-1.44,9,9,4
1092,12,13.19,4,0.22,12,12,4
1093,12,10.91,5,0.14,8,8,2
1094,12,8.49,2,0.76,12,13,1
1095,15,17.99,5,0.52,12,12,3
1096,10,8.49,2,1.04,12,14,1
1097,16,14.43,2,1.42,12,14,1
1098,15,11.94,4,1.23,12,12,2
1099,13,12.67,5,0.82,12,16,2
1100,12,8.49,3,0.82,12,16,2
1101,12,12.42,2,0.43,12,12,2
1102,12,4.39,7,1.39,12,11,3
1103,12,6.17,1,0.62,12,12,6
1104,11,6.11,1,1.09,12,12,6
1105,12,10.48,2,-0.02,12,13,8
1106,12,2.45,2,-0.09,12,12,8
1107,12,13.06,2,-0.52,12,12,1
1108,12,5.52,2,0.41,12,12,1
1109,12,7.53,3,0.69,12,8,4
1110,12,14.15,5,0.4,11,12,3
1111,10,5.47,1,0,9,9,3
1112,10,2.8,10,-0.38,12,12,1
1113,15,12.18,3,0.77,14,15,3
1114,12,2.41,7,-0.3,12,12,4
1115,12,5.64,1,1.19,13,12,4
1116,10,5.05,4,1.25,12,9,3
1117,12,6.04,3,0.29,11,15,5
1118,11,4.85,1,0.53,12,12,2
1119,11,5.41,2,0.35,12,10,2
1120,12,9.67,5,-1.72,12,9,1
1121,12,8.41,8,-2.46,12,9,1
1122,12,5.05,1,1.27,12,11,0
1123,10,6.55,5,-1.18,12,11,5
1124,9,3.93,6,-1.45,12,11,4
1125,9,9.02,11,-2.19,9,10,3
1126,12,4.75,3,-2.3,9,10,3
1127,16,10.48,1,-0.44,16,12,2
1128,12,14.87,6,-0.69,9,12,5
1129,10,13.87,6,0.11,12,8,5
1130,15,4.48,5,0.37,12,7,2
1131,11,1.73,13,-2.08,8,5,8
1132,12,5,2,-2,8,6,8
1133,12,6.75,1,0.94,12,12,0
1134,18,21.32,4,1.63,14,16,3
1135,15,5.52,6,0.68,16,16,2
1136,16,9.97,5,0.23,16,16,2
1137,11,5.98,2,0.5,12,16,5
1138,15,8.24,3,0.23,16,18,8
1139,13,5.98,1,0.29,16,16,7
1140,20,10.07,3,1.25,20,20,1
1141,17,7.24,3,0.92,20,20,1
1142,9,6.35,4,-0.19,14,14,2
1143,11,9.97,4,-0.04,12,10,4
1144,13,6.95,4,-0.05,12,12,4
1145,14,4.8,2,0.8,12,12,7
1146,12,12.42,1,0.91,12,12,7
1147,15,10.69,5,0.96,16,18,4
1148,12,12.3,6,0.36,5,5,2
1149,12,18.91,3,0.7,11,9,4
1150,12,5.41,2,0.94,16,11,3
1151,10,4.66,9,0.4,11,14,2
1152,12,6.29,4,1.14,11,12,2
1153,13,4.85,6,-0.44,12,12,1
1154,11,6.11,3,1.7,12,19,2
1155,11,5.58,1,1.57,12,11,1
1156,15,6.95,5,0.69,12,12,2
1157,13,10.91,4,-0.49,11,12,0
1158,10,7.46,5,0.52,12,12,3
1159,12,6.11,1,0.66,12,12,3
1160,9,7.02,4,0.04,12,12,3
1161,17,6.04,1,1.6,12,18,1
1162,12,5.31,1,0.09,12,12,2
1163,12,3.7,3,-0.82,12,12,1
1164,11,5.75,1,1.16,12,10,3
1165,12,8.41,2,0.42,11,12,3
1166,10,6.29,2,-0.04,12,12,3
1167,11,7.92,7,0.39,12,10,1
1168,14,12.8,2,0.67,10,8,3
1169,12,7.92,2,0.88,12,13,2
1170,12,6.04,9,0.09,12,10,0
1171,15,11.94,3,1.09,15,14,3
1172,12,13.19,5,0.82,15,17,1
1173,12,16.44,4,-0.5,12,12,2
1174,15,3.93,4,0.99,18,18,1
1175,15,8.41,5,0.66,16,18,2
1176,12,5.36,6,-0.18,12,17,6
1177,10,2.55,2,1.45,12,12,2
1178,15,12.18,4,1.09,12,18,3
1179,15,4.13,4,1.12,16,19,1
1180,12,11.7,2,-0.17,9,10,0
1181,11,4.34,3,0.13,11,12,3
1182,11,6.48,3,-0.58,12,12,3
1183,11,6.35,1,0.37,12,12,2
1184,9,6.55,6,-0.33,12,12,3
1185,12,6.04,10,0.01,12,12,3
1186,11,4.95,2,1.18,15,13,2
1187,12,5.87,8,0.12,12,12,4
1188,12,15.02,3,0.29,12,10,3
1189,12,5.25,2,0.15,12,12,2
1190,18,15.48,4,0.82,14,19,1
1191,12,5.98,3,-0.58,12,12,6
1192,11,5.41,1,1.29,12,12,6
1193,17,4.39,2,1.55,12,13,2
1194,11,5.98,2,1.3,12,13,2
1195,12,12.42,7,0.39,16,14,4
1196,11,4.9,1,1.63,12,14,2
1197,16,6.55,2,0.84,12,12,1
1198,11,5.58,1,1.24,12,16,2
1199,13,14.87,2,0.5,18,12,2
1200,14,6.17,1,0.83,10,12,3
1201,19,6.82,4,1.34,18,18,2
1202,18,11.58,2,1.43,18,18,2
1203,15,9.67,3,1.42,18,15,2
1204,16,9.11,3,1.17,16,15,2
1205,14,2.8,5,-0.76,14,20,3
1206,14,5.41,2,0.69,12,16,2
1207,9,7.24,9,-0.2,12,16,2
1208,15,15.95,3,0.69,13,18,2
1209,11,5.64,1,0.46,13,12,2
1210,15,11.35,2,1.54,12,17,4
1211,12,5.05,1,1.27,12,17,4
1212,20,6.75,5,1.94,14,17,2
1213,11,5.41,1,0.57,14,16,1
1214,16,14.58,2,1.15,17,14,1
1215,11,7.92,1,1.51,12,16,4
1216,15,8.08,6,1,12,12,0
1217,19,11.82,4,1.22,14,16,3
1218,16,21.32,3,1.23,15,16,3
1219,15,12.18,7,0.98,12,12,1
1220,14,6.29,2,1.7,12,12,1
1221,16,4.48,3,0.52,16,16,1
1222,11,6.75,3,-1.31,12,16,1
1223,12,6.23,1,0.45,13,20,4
1224,11,4.95,2,0.89,12,12,1
1225,15,7.76,5,-0.11,16,16,1
1226,13,4.34,4,-1.15,16,16,2
1227,16,5.47,3,1.04,16,18,2
1228,16,5.25,2,1.03,16,18,2
1229,12,11.82,2,-0.34,12,11,4
1230,11,5,1,0.62,12,10,2
1231,15,20.28,3,0.71,14,18,1
1232,12,5.31,1,1.06,12,16,0
1233,12,12.06,3,-0.07,14,14,2
1234,10,6.95,6,-1.89,12,8,4
1235,15,7.17,3,1.05,16,17,2
1236,12,5.47,2,-0.01,12,8,0
1237,12,7.17,5,-0.45,12,10,4
1238,12,5.25,7,-0.51,12,11,3
1239,10,8.16,3,-0.41,10,12,4
1240,12,11.47,3,0.4,12,12,2
1241,11,8.24,5,-1.49,6,12,2
1242,11,3.06,3,-0.87,6,12,2
1243,11,7.92,4,-1.95,15,18,2
1244,10,5.47,2,-0.62,16,16,1
1245,9,5.41,3,-0.62,11,4,4
1246,12,9.2,2,0.95,12,12,2
1247,12,6.04,3,-0.53,12,12,5
1248,12,2.53,8,0.51,14,14,3
1249,9,6.61,8,-0.14,9,12,3
1250,12,4.95,3,-0.37,12,14,3
1251,9,7.92,6,-1.27,9,10,7
1252,11,7.46,3,0.43,7,7,5
1253,13,6.68,2,0.46,14,13,2
1254,17,26.31,3,1.15,13,17,2
1255,15,7.17,5,1.05,12,14,1
1256,13,5.41,1,1.08,14,16,2
1257,17,7.69,2,1.22,12,9,3
1258,9,4.05,8,0.01,12,12,2
1259,12,7.61,5,0.94,12,12,2
1260,12,7.38,3,1.11,12,12,1
1261,12,7.92,8,0.26,10,12,7
1262,16,6.95,7,0.79,12,12,1
1263,15,5.81,2,-0.15,12,12,2
1264,13,10.17,3,0.48,15,14,1
1265,12,6.04,3,0.11,12,7,1
1266,9,7.92,3,-1.55,12,12,2
1267,12,7.38,2,-0.42,12,8,2
1268,12,4.66,2,0.97,12,17,0
1269,11,14.87,4,-0.04,10,8,5
1270,12,6.29,2,1.02,16,17,1
1271,12,7.46,3,-1.83,12,7,4
1272,10,5.2,2,0.39,11,8,0
1273,9,5.31,10,-1.28,8,6,8
1274,16,11.47,2,1.35,12,16,1
1275,11,6.11,2,0.94,12,12,3
1276,12,6.04,3,0.02,12,16,3
1277,13,6.48,7,0.43,6,6,4
1278,12,5.41,1,-1.88,6,6,4
1279,9,8.41,7,-2.02,11,12,3
1280,9,6.95,3,-0.13,11,10,1
1281,10,6.29,5,0.81,12,13,2
1282,12,5.1,3,-0.42,12,9,2
1283,11,7.09,4,-1.68,12,13,1
1284,10,1.8,2,-0.58,13,12,1
1285,11,7.69,2,-0.62,14,14,1
1286,12,5.1,3,-0.4,12,12,0
1287,15,6.75,2,-0.04,16,14,1
1288,12,6.23,4,0,12,12,1
1289,15,9.2,4,1.04,12,13,5
1290,14,11.58,4,1.32,15,16,1
1291,12,4.66,3,-0.08,12,12,2
1292,15,7.92,1,-0.01,18,6,3
1293,12,5.52,8,-0.41,12,15,0
1294,10,5.98,2,-0.47,11,10,1
1295,10,9.97,5,-1,12,7,3
1296,12,6.42,5,0.18,10,16,2
1297,12,9.97,2,-0.43,12,12,3
1298,9,7.61,6,0.5,14,12,3
1299,12,8.67,3,-0.17,12,12,5
1300,11,5.36,1,-1.29,12,8,2
1301,11,4.39,2,0.72,16,14,2
1302,10,5.98,2,0.1,9,11,6
1303,11,7.09,2,0.38,15,15,2
1304,12,14.58,3,0.71,15,12,5
1305,13,7.92,3,0.84,12,15,4
1306,10,7.46,5,-2.08,6,12,6
1307,11,5.98,3,-0.55,6,7,3
1308,12,6.48,2,0.44,12,12,6
1309,11,11.13,6,0.85,11,10,4
1310,14,7.61,4,-0.08,9,12,3
1311,15,8.16,4,0.82,12,15,2
1312,20,14.29,4,1.14,12,20,3
1313,12,11.47,2,-0.11,12,18,4
1314,10,6.11,2,1.18,12,12,5
1315,15,15.48,6,0.33,12,12,3
1316,11,9.97,3,0.08,8,12,1
1317,11,6.68,1,-0.07,12,14,2
1318,11,7.92,1,1.23,12,16,1
1319,15,11.13,4,0.3,15,17,1
1320,13,12.67,1,0.92,12,12,4
1321,11,8,2,-0.84,11,14,4
1322,11,5,1,1.11,12,12,4
1323,10,9.29,5,0.42,12,12,2
1324,11,7.92,2,-1.68,12,11,1
1325,12,11.94,4,-0.4,12,12,8
1326,15,6.55,5,0.51,14,11,6
1327,11,9.2,3,-0.17,12,10,6
1328,11,7.46,3,-0.92,11,11,2
1329,11,5.75,4,-2.83,12,10,1
1330,11,6.82,3,-0.47,12,12,2
1331,11,5.58,4,0.06,16,15,2
1332,11,5.81,2,0.22,16,16,2
1333,11,7.84,7,-0.06,10,10,1
1334,11,5.81,2,0.55,13,12,1
1335,16,5.15,6,1.03,12,12,0
1336,15,3.45,5,0.29,12,16,1
1337,12,16.94,5,0.61,17,12,1
1338,14,4.75,5,0.9,12,12,3
1339,15,15.02,8,0.79,10,8,3
1340,13,10.07,5,0.04,6,4,5
1341,12,11.02,6,0.48,6,7,7
1342,11,8.24,6,-0.22,6,6,7
1343,13,5.31,6,-0.67,10,12,2
1344,12,2.91,2,1.1,8,7,3
1345,11,8.93,5,0.09,12,12,1
1346,12,12.67,2,-1.37,12,15,4
1347,13,14.01,3,0.6,12,20,9
1348,16,8.75,3,1.43,16,12,3
1349,12,4.13,2,-0.5,12,8,2
1350,12,15.95,6,1.25,16,16,3
1351,12,13.87,2,0.58,16,17,3
1352,12,14.01,5,0.4,12,12,3
1353,11,7.61,5,-0.64,12,12,6
1354,9,15.48,12,0.29,13,12,3
1355,12,7.46,3,0.64,12,16,2
1356,16,4.66,4,1.33,15,12,2
1357,11,8.24,1,0.8,16,16,3
1358,15,7.76,6,0.07,12,14,3
1359,12,8.67,7,-1.03,12,8,5
1360,12,5.58,1,0.82,12,14,2
1361,14,9.29,1,1.15,16,0,0
1362,11,24.77,9,0.38,13,9,1
1363,13,6.17,1,1.23,9,16,3
1364,13,11.94,3,0.4,9,11,4
1365,12,7.46,3,0.15,16,16,3
1366,10,7.46,4,-0.57,14,12,2
1367,12,4.9,2,1.27,12,10,1
1368,14,28.5,3,-1.59,12,16,4
1369,10,6.04,4,-1.14,16,14,2
1370,12,13.06,6,-0.09,12,12,1
1371,13,11.47,2,0.57,12,16,2
1372,10,9.29,4,0.41,12,15,2
1373,19,17.28,3,0.73,12,12,1
1374,13,14.15,11,-0.53,12,10,1
1375,10,6.17,11,-0.85,9,14,4
1376,13,3.97,5,-0.95,7,13,2
1377,10,5.2,6,-2.22,12,16,4
1378,9,5.41,4,-1.83,12,12,1
1379,15,6.29,2,-0.08,16,18,3
1380,13,7.61,6,1.27,13,20,0
1381,13,9.39,5,0.84,15,16,0
1382,13,9.97,4,0.62,12,12,5
1383,16,14.58,2,0.82,12,16,3
1384,13,19.88,11,0.05,11,11,2
1385,13,5.69,1,0.08,12,12,2
1386,12,9.2,5,-0.53,12,12,2
1387,11,5.25,1,0.1,12,12,4
1388,12,6.23,4,0.06,15,16,5
1389,16,14.87,4,0.96,15,18,1
1390,15,14.15,3,0.5,9,12,4
1391,14,7.53,10,1.44,10,8,1
1392,16,9.39,4,-0.93,12,12,1
1393,11,31.5,6,-0.05,12,12,4
1394,12,5,2,-0.31,12,12,5
1395,12,6.95,2,0.97,12,8,2
1396,13,5.64,1,-0.01,12,14,4
1397,15,3.7,2,1.07,12,7,3
1398,14,5,10,0.59,12,12,1
1399,16,4.48,6,0.7,14,16,1
1400,12,5.31,2,0.17,10,12,0
1401,12,12.8,1,0.69,12,11,10
1402,13,3.25,9,-0.38,12,13,2
1403,12,13.19,2,-0.68,12,12,2
1404,12,9.02,2,0.3,9,11,1
1405,11,9.39,9,1,12,12,3
1406,12,4.8,2,1.04,13,8,2
1407,11,7.46,2,0.05,13,12,2
1408,12,11.13,5,0.14,16,16,6
1409,9,5.98,3,-1.46,16,16,6
1410,12,13.73,6,-0.99,12,12,3
1411,11,6.35,2,-0.26,16,12,4
1412,13,5.98,3,1.28,16,20,4
1413,15,5.52,6,1.2,15,20,2
1414,14,15.95,3,0.31,14,16,3
1415,12,8.75,1,-0.18,12,18,1
1416,11,8.93,4,0.96,12,12,2
1417,15,15.33,3,0.95,18,20,4
1418,11,9.67,9,0.42,8,8,3
1419,11,6.42,1,-0.69,12,10,1
1420,10,5.98,2,0.8,13,14,1
1421,10,5.41,2,-0.03,13,15,1
1422,12,7.46,2,-0.26,12,12,3
1423,13,5.05,1,1.2,12,14,3
1424,12,7.92,1,-0.36,12,16,0
1425,10,8.67,4,-0.56,12,12,3
1426,13,13.46,10,0.16,12,16,2
1427,11,5.75,2,-0.1,11,10,8
1428,14,10.8,3,1.61,11,10,6
1429,15,12.18,3,1.27,12,16,1
1430,12,4.9,1,0.58,16,20,4
1431,15,9.02,2,0.35,12,12,2
1432,11,5.64,1,-0.97,12,16,2
1433,12,7.61,10,-2.78,10,9,4
1434,12,5.64,2,1.38,12,12,2
1435,12,7.02,2,0.12,7,10,6
1436,12,6.48,1,0.53,12,12,1
1437,13,8.93,8,0.45,12,16,1
1438,16,10.59,3,1,16,16,1
1439,15,14.15,5,-0.42,12,16,1
1440,15,11.02,4,0.5,14,12,1
1441,12,9.29,2,0.63,13,14,3
1442,12,5.15,3,0.58,12,16,2
1443,13,10.48,4,1.05,10,15,2
1444,13,12.55,6,0.19,11,16,2
1445,12,5,0,0.97,12,14,2
1446,15,5.98,3,1.13,12,12,1
1447,12,4.95,2,-1.46,12,12,2
1448,12,23.8,5,-0.38,12,11,3
1449,12,11.13,5,0.11,12,9,5
1450,16,14.87,4,0.99,10,10,3
1451,12,4.13,3,-0.12,12,12,1
1452,12,12.3,4,0.04,10,10,3
1453,11,10.17,4,-1.18,12,10,5
1454,12,3.63,4,-0.91,12,10,5
1455,9,5.05,12,-1.24,10,12,1
1456,12,17.28,4,0.41,10,10,4
1457,12,10.48,9,-0.01,12,12,0
1458,12,10.59,1,-0.91,8,8,5
1459,10,9.29,4,-1.16,10,10,2
1460,12,4.13,4,0.53,11,8,6
1461,12,5.15,3,0.16,12,12,3
1462,12,13.46,3,-0.4,12,12,0
1463,16,5.98,4,1.48,14,15,1
1464,11,11.02,5,-0.26,12,12,3
1465,12,7.69,10,0.33,12,12,3
1466,15,5.75,0,1.28,12,12,2
1467,12,4.39,4,0.39,12,10,3
1468,12,11.94,5,-0.21,12,12,2
1469,12,3.06,5,-1.16,10,8,4
1470,10,2.91,12,-1.94,6,4,1
1471,9,8.67,6,-1.94,12,7,11
1472,12,8.75,3,-0.49,12,12,4
1473,12,12.93,2,0.06,12,12,4
1474,12,12.18,5,-0.88,12,12,6
1475,15,11.35,5,1.01,12,12,3
1476,14,13.87,6,0.18,12,12,3
1477,11,5.41,2,0.72,12,8,1
1478,12,10.8,3,0.09,12,8,1
1479,12,6.95,1,1.07,8,11,7
1480,12,5.64,3,0.08,16,16,1
1481,15,13.87,3,1.15,8,8,6
1482,12,3.32,7,0.27,12,12,4
1483,11,11.47,2,0.59,12,8,3
1484,12,7.69,2,0.64,12,10,1
1485,12,4.61,2,0.88,13,17,4
1486,10,5.41,2,1.24,13,18,4
1487,15,22.64,4,1.1,13,16,4
1488,12,4.48,3,1,13,16,4
1489,13,12.06,3,1.32,9,12,2
1490,10,7.92,7,-0.79,12,12,8
1491,15,4.9,7,0.9,12,10,2
1492,12,3.78,3,-1.16,12,10,3
1493,13,5.58,5,0.88,12,12,1
1494,12,7.61,2,0.85,12,12,1
1495,12,5.81,6,1.2,12,12,8
1496,12,5,1,-0.73,12,12,3
1497,13,5.1,9,0.83,12,12,8
1498,14,10.17,2,0.49,12,13,4
1499,14,6.04,4,0.89,14,16,2
1500,12,8.75,5,0.38,11,14,0
1501,14,7.38,2,0.97,12,14,3
1502,12,4.43,10,0.3,12,12,6
1503,12,9.48,3,0.83,12,11,3
1504,12,7.76,2,0.46,13,13,5
1505,14,8.08,4,0.5,12,16,1
1506,15,23.8,6,0.53,12,16,5
1507,15,5.2,3,1.07,12,12,3
1508,15,8.08,5,0.95,12,14,2
1509,13,6.48,2,1.24,12,14,5
1510,11,3.49,1,1.07,12,13,5
1511,12,4.09,2,0.47,12,13,5
1512,12,5.98,5,0.17,12,7,2
1513,11,7.69,3,-0.91,12,8,2
1514,11,8.08,4,-0.55,8,12,1
1515,12,9.11,8,-0.61,10,9,6
1516,12,7.24,3,-1.27,10,9,6
1517,15,13.87,4,-0.26,12,14,1
1518,12,6.55,4,0.7,10,12,2
1519,12,4.39,3,0.79,12,12,3
1520,12,4.09,3,-0.48,12,12,3
1521,12,10.38,6,-1.25,10,12,2
1522,16,19.1,1,1.24,16,12,1
1523,9,4.9,12,-1.29,9,10,7
1524,12,7.09,4,0.35,12,12,4
1525,12,5.52,4,0.03,12,12,3
1526,16,7.31,5,0.47,12,10,0
1527,12,2.38,3,-0.84,8,10,4
1528,15,8.84,3,0.39,14,14,5
1529,12,9.77,3,-0.06,13,13,5
1530,10,14.01,7,-0.77,12,9,1
1531,10,5.15,1,0.71,12,12,1
1532,11,5.31,3,-1.76,8,11,2
1533,11,5.98,1,0.21,12,12,2
1534,10,7.02,4,-1.35,12,11,2
1535,12,12.93,4,-1,12,9,1
1536,15,6.35,6,0.39,13,14,2
1537,12,7.46,2,1.19,16,20,2
1538,14,7.02,2,1.21,16,20,4
1539,15,15.02,6,0.28,10,20,2
1540,19,6.23,2,1.63,16,16,3
1541,12,15.33,4,-0.58,12,12,5
1542,15,3.93,1,1.31,12,16,3
1543,19,5.36,3,1.32,16,19,1
1544,12,4.66,1,-0.01,12,12,2
1545,13,14.73,3,1.3,16,17,0
1546,15,13.87,3,1.16,14,16,1
1547,15,20.69,5,1.32,19,20,2
1548,16,9.2,8,1.5,19,20,2
1549,12,22.87,2,0.68,12,14,3
1550,12,11.35,4,-0.15,18,14,4
1551,11,4.61,1,0.3,13,12,2
1552,15,15.64,3,1.69,14,16,1
1553,15,12.3,7,0.2,12,16,1
1554,14,4.75,5,0.11,12,16,1
1555,12,7.46,1,0.92,12,12,1
1556,11,5.87,1,0.83,12,12,1
1557,15,17.46,6,0.38,12,14,1
1558,12,11.94,4,-1.85,4,6,3
1559,11,5.87,1,0,9,7,4
1560,11,6.82,5,-0.31,7,10,2
1561,13,5,1,0.26,12,14,2
1562,12,5.31,2,-0.22,12,12,2
1563,12,5,1,0.48,12,12,2
1564,13,5.75,2,-1.21,12,12,2
1565,12,5.15,2,0.34,12,12,1
1566,12,9.58,6,0.12,16,16,1
1567,12,5.92,3,-0.88,12,11,6
1568,11,5.25,2,0.96,12,12,1
1569,10,10.48,5,-1.78,12,12,1
1570,12,8.33,3,-0.12,16,16,1
1571,12,3.56,6,-1.29,12,9,8
1572,10,6.75,6,0.06,10,8,4
1573,9,5.25,6,-1.41,10,8,4
1574,12,8.75,1,0.21,10,8,2
1575,11,14.29,5,0.62,12,10,2
1576,12,16.44,3,-0.42,14,6,3
1577,12,11.47,2,0.87,12,12,1
1578,12,6.61,4,0.31,15,14,3
1579,11,9.39,3,0.23,12,12,5
1580,12,12.42,2,0.38,12,16,2
1581,12,7.17,3,-1.26,12,14,2
1582,15,15.02,4,1.82,16,16,0
1583,12,20.28,2,-0.26,11,8,3
1584,13,5.69,3,1.09,13,12,2
1585,14,6.17,2,1.09,14,16,2
1586,12,4.71,3,0.41,13,6,2
1587,13,8.33,2,0.76,13,12,3
1588,12,6.11,7,0.3,12,14,2
1589,10,5.1,3,-1.77,11,12,7
1590,12,9.77,6,-0.05,12,12,5
1591,12,8.75,1,1.29,12,12,1
1592,12,6.55,3,-0.37,12,12,6
1593,11,5.81,2,0.25,14,14,1
1594,12,3.32,9,-1.08,12,12,4
1595,12,8,1,0.92,12,12,4
1596,12,5,2,0.7,12,16,1
1597,12,6.88,8,-1.53,12,12,3
1598,12,1.66,4,0.51,14,16,4
1599,12,8.33,3,-0.21,12,12,0
1600,12,1.59,7,-0.93,12,7,3
1601,9,6.04,6,0.71,11,6,4
1602,12,5.81,2,0.27,12,13,2
1603,14,9.29,2,-1.5,11,3,5
1604,12,7.92,3,1.07,12,12,1
1605,15,12.18,3,0.77,12,12,3
1606,12,6.82,5,-0.28,12,12,6
1607,12,8.75,2,-0.12,12,12,6
1608,11,7.02,1,-0.86,14,12,2
1609,12,7.38,5,-1.25,10,12,3
1610,12,7.02,3,0.81,14,14,2
1611,15,15.18,8,0.05,3,3,6
1612,15,7.09,5,0.87,5,5,6
1613,14,5.1,3,-0.05,16,14,2
1614,12,6.95,3,0.55,16,14,2
1615,16,9.39,5,1.14,16,16,2
1616,12,10.07,4,-0.32,18,20,3
1617,11,8.93,2,0.42,12,16,4
1618,14,8.75,3,-0.45,12,11,2
1619,11,5.41,1,0.44,12,12,2
1620,12,8.16,5,-1.1,12,13,3
1621,10,5.58,2,-1.09,10,8,5
1622,9,5.81,9,-0.81,8,8,13
1623,12,9.29,3,0.05,12,10,5
1624,12,4.71,9,-0.53,11,10,6
1625,9,5.05,7,-1.21,7,7,5
1626,12,5.98,3,0.01,13,13,4
1627,11,4.48,3,-1.26,12,14,3
1628,12,4.95,2,0.02,12,12,3
1629,11,7.76,5,-0.38,9,9,4
1630,12,13.06,5,-1.09,10,6,6
1631,9,1.27,8,-0.9,10,11,6
1632,11,5.98,1,0.14,12,10,3
1633,12,10.69,2,1.45,16,14,4
1634,13,8.67,2,1.12,12,12,4
1635,15,8.75,4,1.37,16,14,2
1636,9,5.81,10,-1.4,9,8,3
1637,12,5.05,9,0.74,12,11,4
1638,12,18.91,4,-0.26,12,12,5
1639,10,6.23,6,-1.51,12,9,5
1640,12,7.53,2,-0.56,12,12,4
1641,13,14.01,1,0.53,19,16,2
1642,12,5.98,2,0.53,12,12,3
1643,12,5.75,2,-0.36,12,12,3
1644,12,8.16,3,-0.19,12,14,3
1645,12,4.01,1,0.53,12,12,3
1646,16,2.13,1,0.62,13,16,1
1647,16,4.26,2,0.28,12,16,1
1648,13,5,2,0.87,12,15,3
1649,11,5.69,1,0.79,12,16,3
1650,12,4.61,1,0.15,13,12,2
1651,14,15.95,3,0.64,14,16,2
1652,13,6.55,8,-1.61,12,12,3
1653,15,10.8,4,0.36,12,12,3
1654,12,6.17,3,-0.51,12,12,1
1655,12,3.89,7,0.75,8,9,2
1656,12,3.97,3,-0.43,7,7,2
1657,11,5.58,1,0.91,12,12,1
1658,12,5.75,4,0.42,12,12,3
1659,15,6.42,10,-0.19,11,5,0
1660,10,6.55,4,0.56,11,12,3
1661,10,6.68,7,-0.41,11,12,3
1662,10,3.63,2,-0.84,11,12,3
1663,12,6.95,4,-0.73,11,12,3
1664,15,5.15,1,1.04,10,12,4
1665,12,6.11,3,-0.13,12,12,3
1666,12,6.48,10,-2.09,11,9,4
1667,12,7.53,2,1.02,12,12,4
1668,10,5.98,3,-0.44,12,8,3
1669,12,7.09,3,0.49,9,9,3
1670,12,4.95,3,0.23,8,12,8
1671,14,8.33,2,0.61,12,8,8
1672,12,6.61,6,0.72,12,13,3
1673,16,6.68,4,0.72,12,12,2
1674,16,5.87,5,0.43,12,12,2
1675,11,4.43,2,0.77,12,12,3
1676,12,4.22,2,0.9,8,8,3
1677,10,2.31,1,0.46,12,8,3
1678,10,7.92,6,-0.37,12,16,2
1679,12,8.41,2,1.36,12,12,3
1680,12,5.87,3,-1.24,12,18,6
1681,11,4.39,2,0.77,17,8,1
1682,9,6.55,5,-0.67,12,10,1
1683,15,3.38,4,1.01,16,8,0
1684,12,1.5,7,-0.43,12,12,5
1685,12,4.57,5,-0.5,12,12,5
1686,13,5.25,2,0.12,12,12,5
1687,12,5.81,1,1.21,15,14,5
1688,12,8.33,4,1.05,15,14,5
1689,12,7.24,3,0.85,15,14,5
1690,11,2.31,1,1.28,12,12,3
1691,9,2.31,2,1.07,12,12,3
1692,13,5.75,3,0.67,8,8,3
1693,12,2.45,5,0.91,8,8,3
1694,12,5.47,2,0.29,12,12,2
1695,13,7.46,2,1.17,14,16,4
1696,15,11.35,3,1.11,14,16,4
1697,11,3.22,1,1.12,14,16,4
1698,13,5.15,9,-0.33,13,14,2
1699,12,8.93,3,-2.37,6,12,4
1700,9,1.66,17,-1.49,7,4,3
1701,12,7.92,1,-0.34,7,7,3
1702,12,5.52,2,-1.21,5,0,3
1703,9,8.24,7,-1.83,10,9,2
1704,12,3.59,3,-0.66,7,7,4
1705,12,5.87,6,-0.43,5,6,10
1706,9,3.81,3,-0.95,12,12,1
1707,12,14.87,2,-0.02,12,12,1
1708,12,5.98,5,0.02,12,5,2
1709,12,5.64,2,0.46,12,6,2
1710,12,7.24,2,-1.02,12,12,3
1711,13,6.48,6,0.1,12,16,1
1712,12,6.55,3,-0.26,10,11,0
1713,13,8.16,1,1.09,12,10,2
1714,11,7.46,5,-1.08,11,11,4
1715,15,11.02,4,1.38,12,4,5
1716,12,6.23,11,0.12,11,8,4
1717,9,6.88,4,-1.26,8,8,4
1718,11,6.48,2,1.09,12,6,2
1719,9,6.04,9,-2.52,8,8,1
1720,10,5.92,3,-1.33,7,7,4
1721,12,9.29,4,0.45,8,8,11
1722,10,6.55,3,-1.05,9,9,8
1723,13,10.07,2,-0.39,12,12,1
1724,12,6.11,6,-0.72,12,6,2
1725,11,5.69,2,0.68,12,8,2
1726,10,9.48,4,-0.26,9,6,3
1727,9,5.05,7,-2.02,6,11,3
1728,12,4.48,3,-2.42,6,3,3
1729,16,7.02,2,1.21,12,12,4
1730,12,10.17,5,-0.11,11,8,5
1731,12,7.46,3,-0.25,10,12,3
1732,9,6.35,7,-0.7,10,12,3
1733,12,5.41,2,-0.44,12,6,0
1734,12,7.53,2,-0.31,12,9,1
1735,12,5.81,5,0.75,12,12,3
1736,9,8.75,9,-1.74,12,12,4
1737,15,8.67,3,0.85,12,16,1
1738,15,8.08,3,0.57,12,18,2
1739,12,6.17,1,-0.13,12,16,2
1740,15,5.98,1,0.25,14,14,1
1741,9,4.48,4,-1.1,8,5,2
1742,9,6.17,6,-1.48,7,6,2
1743,9,9.67,11,-2.9,9,10,3
1744,11,2.97,1,-2.27,9,8,1
1745,12,3.78,2,-0.23,12,11,2
1746,12,4.26,2,-0.62,12,11,2
1747,19,19.29,3,1.35,17,18,1
1748,11,5.69,1,0.68,11,12,3
1749,10,6.17,5,0.05,12,18,2
1750,13,10.91,6,0.44,12,12,1
1751,15,7.46,4,1.09,16,17,2
1752,15,4.8,3,0.56,15,12,4
1753,12,9.11,2,0.73,12,12,2
1754,14,6.35,3,0.25,12,12,2
1755,15,7.76,1,0.47,12,14,2
1756,19,72.24,9,1.47,12,11,0
1757,12,19.1,4,0.41,15,18,1
1758,12,6.17,6,1.5,17,10,2
1759,12,6.82,1,0.32,12,12,3
1760,12,15.79,7,0.08,12,11,1
1761,13,8.75,5,0.4,14,16,1
1762,13,8.75,2,-0.77,14,12,1
1763,15,3.06,6,0.85,12,12,4
1764,11,8.75,5,-0.32,9,6,2
1765,9,5.2,5,1.24,12,14,3
1766,12,11.94,4,-0.11,10,8,6
1767,13,11.13,2,1.31,14,13,2
1768,12,15.79,2,1.1,12,6,1
1769,12,13.87,2,0.46,12,10,4
1770,11,13.87,2,0.48,12,10,4
1771,11,6.55,3,0.4,12,12,3
1772,12,11.7,2,-0.37,12,12,2
1773,9,5.98,8,-1.98,12,12,4
1774,15,14.87,5,1.36,8,12,1
1775,12,7.46,4,-0.8,6,7,2
1776,11,5.81,4,-2.02,3,4,5
1777,12,9.77,6,-0.67,12,12,1
1778,12,13.59,7,0.31,9,5,5
1779,9,4.95,14,-1.52,3,3,8
1780,11,6.35,7,-2.06,5,0,1
1781,12,11.13,5,-1.12,4,0,4
1782,10,7.46,3,-1.11,4,0,4
1783,14,9.77,1,1.11,12,18,5
1784,15,16.44,3,0.93,13,12,4
1785,10,13.06,4,-0.7,12,8,6
1786,9,12.18,5,-1.76,6,6,4
1787,14,4.34,5,0.7,16,15,1
1788,11,4.95,9,-0.49,12,12,5
1789,9,4.52,5,-1.49,6,12,2
1790,15,17.81,3,0.9,15,4,2
1791,12,4.22,1,0.51,3,12,2
1792,12,8.24,3,-0.54,8,13,4
1793,12,9.97,3,-1.4,6,0,7
1794,12,5.69,4,-0.66,0,12,3
1795,15,7.46,6,0.68,6,6,11
1796,12,6.48,3,-0.28,2,1,3
1797,11,5.98,2,-1.82,6,6,3
1798,12,5.58,3,-0.9,12,10,3
1799,11,5,4,-0.98,12,10,2
1800,10,2.5,11,-2.04,8,3,3
1801,12,7.69,6,-0.77,6,12,6
1802,12,2.03,4,-1.92,12,12,5
1803,13,8.93,1,0.53,12,12,3
1804,9,5.98,5,-2.49,6,3,8
1805,12,7.76,2,0.48,12,12,2
1806,16,1.69,3,-0.66,8,11,5
1807,12,6.95,3,-2.2,8,4,0
1808,12,6.17,3,-0.53,8,8,5
1809,12,5.2,11,-0.97,10,12,3
1810,13,6.68,3,0.02,2,0,10
1811,12,5.58,10,-0.54,0,4,9
1812,12,7.24,5,-1.24,0,4,9
1813,10,5.52,6,-0.02,12,12,4
1814,12,10.48,1,0.25,12,12,1
1815,12,7.02,5,-0.15,12,12,2
1816,12,3.97,3,-0.61,11,6,18
1817,14,13.73,3,0.15,9,10,4
1818,12,7.31,2,-1.13,4,8,4
1819,10,9.48,9,-0.88,5,8,4
1820,12,8.24,8,-1.13,1,9,8
1821,10,5.98,4,-1.23,1,9,7
1822,9,4.95,13,-2.39,2,9,8
1823,12,7.38,6,-1,3,3,14
1824,10,13.87,5,-2.48,8,8,3
1825,12,8,4,0.3,16,8,2
1826,15,17.46,4,0.72,8,3,7
1827,12,13.59,11,-0.4,12,16,2
1828,10,7.46,7,-1.53,8,8,4
1829,12,14.01,2,-0.76,9,7,4
1830,13,2.48,11,0.44,10,7,4
1831,15,5.92,6,-1.54,12,9,3
1832,12,6.82,7,-1.79,7,12,7
1833,13,7.92,1,-1,4,6,2
1834,12,10.38,3,-0.88,6,10,2
1835,12,8.24,6,0.4,4,5,2
1836,12,5.75,5,-0.71,6,5,2
1837,12,4.09,2,-0.19,12,11,3
1838,11,6.04,2,-0.37,10,10,6
1839,13,10.59,3,0.29,12,12,1
1840,9,5.58,6,-0.45,12,9,2
1841,9,3.06,11,-1.44,11,10,10
1842,11,2.22,6,0.21,11,12,4
1843,12,7.09,6,-0.8,10,12,5
1844,9,5.75,5,-1.93,11,10,10
1845,12,6.23,3,-0.52,12,12,0
1846,15,1.93,4,1.07,12,16,2
1847,13,7.92,1,1.05,12,15,3
1848,13,8,2,1.35,12,14,2
1849,11,5.87,3,0.21,14,11,2
1850,11,5.58,2,-0.61,14,9,2
1851,12,7.31,4,0.51,6,12,0
1852,10,6.35,6,-0.51,10,7,6
1853,19,6.61,3,1.41,17,17,1
1854,12,6.95,5,0.05,12,8,1
1855,14,4.61,3,0.84,9,12,1
1856,12,5.98,4,0.21,7,7,2
1857,9,7.46,3,-1.03,7,7,2
1858,18,5.31,4,1.54,15,19,2
1859,15,4.61,4,1.1,18,18,2
1860,14,10.27,4,-0.34,10,9,3
1861,11,7.46,1,0.48,9,9,1
1862,10,5.64,3,0.11,14,10,3
1863,12,7.09,1,0.41,14,11,3
1864,11,5.58,2,-1.29,16,16,2
1865,16,10.48,3,1.15,12,16,4
1866,12,6.68,2,0.7,14,17,12
1867,11,5.31,2,-0.5,14,16,12
1868,11,4.57,2,-0.36,12,15,13
1869,11,4.95,1,0.06,11,12,1
1870,10,7.69,3,-1.64,6,9,2
1871,12,5.69,3,-0.79,0,0,9
1872,12,9.87,2,0.7,11,11,2
1873,9,5.58,5,-1.96,8,5,0
1874,10,13.46,6,-1.56,8,9,7
1875,10,4.9,4,-1.37,8,9,7
1876,13,9.97,3,0.27,12,12,1
1877,9,7.92,9,0.13,12,12,2
1878,14,5.2,4,0.27,13,12,8
1879,14,5.47,6,-1.51,12,12,5
1880,12,8.41,5,-1.48,0,0,4
1881,12,8.84,3,0.45,3,3,8
1882,11,5.69,2,0.28,12,12,2
1883,11,6.23,11,-0.96,12,12,2
1884,9,4.95,9,-0.91,6,0,3
1885,11,11.13,6,-0.55,6,4,8
1886,9,4.8,5,-1.2,4,2,7
1887,12,5.1,2,0.2,11,8,7
1888,10,8.75,4,-1.13,12,12,4
1889,10,6.23,2,1.36,13,14,3
1890,10,14.01,6,-2.32,9,3,4
1891,12,3.63,4,-1.17,10,12,6
1892,11,7.61,2,-0.77,12,0,4
1893,10,9.97,1,-0.1,12,15,3
1894,10,7.61,11,-0.05,4,12,3
1895,14,21.54,5,0.74,16,16,1
1896,14,2.71,1,-0.54,12,2,1
1897,10,5.25,8,-1.56,5,16,9
1898,13,6.35,1,1.52,6,7,2
1899,14,6.55,3,-0.46,6,6,1
1900,12,10.59,3,0.89,14,20,2
1901,12,6.11,1,-1.1,8,12,0
1902,10,12.93,4,-1.99,11,10,6
1903,15,17.63,4,-0.03,12,14,2
1904,12,9.48,4,-0.2,5,6,4
1905,12,8.16,10,-1.31,6,8,5
1906,16,16.44,5,-1.09,0,7,6
1907,12,9.87,3,-1.22,11,11,6
1908,12,9.58,4,-0.39,10,10,3
1909,14,6.75,3,0.29,0,5,1
1910,10,7.61,3,0.17,9,3,5
1911,9,6.55,5,-1.62,10,4,6
1912,9,6.48,5,-2.55,4,4,16
1913,9,15.64,7,-2.49,4,0,3
1914,10,14.01,4,-2.05,4,4,5
1915,15,5.36,3,0.4,12,14,2
1916,12,13.46,1,1,14,12,3
1917,10,11.58,2,0.08,14,15,3
1918,12,6.75,3,-1.3,6,6,2
1919,12,6.95,1,0.12,11,6,2
1920,11,12.67,6,-0.22,10,9,4
1921,12,6.48,3,-1.12,8,9,8
1922,10,10.07,11,-3.96,6,6,4
1923,10,6.17,1,-1.05,6,6,2
1924,13,6.23,3,0.29,0,3,10
1925,12,5.47,2,-0.8,2,5,8
1926,12,6.29,8,-0.13,2,3,7
1927,10,7.46,11,-1.49,2,5,8
1928,12,6.04,3,0.15,12,2,2
1929,12,10.17,8,-2.53,3,8,2
1930,12,6.61,12,-1.26,5,6,7
1931,9,4.34,5,-1.9,4,5,7
1932,10,1.97,6,-0.34,2,0,4
1933,16,7.31,3,-0.22,6,6,7
1934,13,5.98,5,-1.18,6,6,7
1935,11,7.53,3,0.17,14,18,1
1936,11,5.31,1,-0.11,12,14,3
1937,11,3.93,10,0.83,12,12,5
1938,12,5.31,1,-0.8,3,1,5
1939,12,5.41,2,0.67,4,4,7
1940,11,5.92,11,-1.49,16,9,7
1941,12,5,3,-0.7,1,0,7
1942,12,5.47,6,-1.28,1,0,6
1943,13,5.58,5,-0.89,0,6,5
1944,10,6.48,6,-0.6,0,0,1
1945,12,6.48,3,-0.74,12,12,6
1946,12,4.52,8,-1.21,12,12,6
1947,10,5.81,6,-2.38,9,6,6
1948,12,8.49,1,-0.37,8,8,6
1949,12,5.81,4,-1.51,11,8,6
1950,12,1.71,5,-1.18,11,8,6
1951,9,3.78,2,0.82,18,18,2
1952,16,2.09,2,-0.21,18,18,2
1953,9,9.29,7,-1.17,12,7,4
1954,12,8.16,5,-2.55,4,4,8
1955,12,5,3,-0.36,9,6,5
1956,11,5.36,3,-0.98,3,5,5
1957,13,5.15,3,-1.36,12,12,2
1958,12,7.02,1,0.18,13,12,2
1959,12,6.75,4,-1.37,2,2,6
1960,12,4.85,2,-0.7,10,12,4
1961,13,17.81,4,-0.1,12,12,3
1962,12,6.48,3,-1.53,12,6,6
1963,12,6.95,8,-1.05,9,7,6
1964,12,5.31,0,0.24,11,12,7
1965,12,5.1,2,-0.15,6,13,2
1966,12,6.42,3,-1.08,9,12,8
1967,12,5.58,3,-1.03,6,14,4
1968,12,3.78,8,0.57,11,12,7
1969,11,6.23,3,-0.54,12,9,3
1970,10,3.85,6,-0.18,12,12,3
1971,13,5.69,2,-0.97,12,12,4
1972,9,6.35,9,-0.78,10,11,3
1973,12,5.05,3,0.53,8,5,3
1974,14,4.17,1,1.11,13,12,2
1975,13,7.17,3,0.77,3,5,4
1976,11,7.24,2,-1.68,10,0,7
1977,9,4.48,4,-0.83,11,9,2
1978,11,8.58,2,-0.64,11,12,5
1979,10,6.88,8,-1.63,9,12,4
1980,10,12.67,7,-1.02,14,12,2
1981,11,6.61,11,-2.58,3,3,8
1982,11,13.59,2,-1.89,3,8,3
1983,16,4.75,3,0.74,12,12,0
1984,10,4.95,5,-4.04,4,5,2
1985,15,4.8,2,-1.54,13,6,6
1986,10,8.16,5,-1.78,5,3,3
1987,12,2.18,3,-1.24,5,3,3
1988,16,17.81,2,1.61,10,6,1
1989,17,18.91,3,0.85,16,17,2
1990,15,11.02,3,0.77,16,17,2
1991,16,9.97,2,0.6,12,12,1
1992,11,2.71,10,-1.96,4,0,7
1993,10,5.47,2,-1.24,5,0,7
1994,11,5.25,4,-0.81,8,8,2
1995,9,9.77,10,-1.16,6,16,3
1996,12,8.93,4,0.71,12,12,1
1997,12,12.42,2,0.48,12,12,3
1998,11,9.97,3,-0.27,12,12,2
1999,10,3.7,6,-0.91,12,12,2
2000,9,4.43,8,0.75,10,12,1
2001,12,11.94,4,-1.49,9,12,2
2002,12,6.04,1,-0.14,12,9,2
2003,12,8.33,2,0.28,12,7,0
2004,16,12.55,0,1.45,17,20,2
2005,12,5.2,1,0.44,12,12,1
2006,14,14.29,2,0.78,11,6,2
2007,12,9.11,2,-1.2,8,9,2
2008,12,7.61,1,-0.5,8,7,5
2009,11,16.11,4,-1.52,9,9,6
2010,12,8.41,2,0.64,10,9,6
2011,10,9.67,5,-1.13,6,9,4
2012,11,15.48,6,-1.41,10,7,5
2013,12,8.49,3,1.19,9,12,3
2014,12,4.85,2,1.07,12,16,2
2015,12,6.88,3,-1.06,12,8,4
2016,11,4.85,5,-1.39,0,0,6
2017,9,5.41,5,-2.21,6,2,7
2018,12,7.24,5,0.51,3,0,3
2019,12,11.47,2,-0.25,2,7,5
2020,19,5.31,1,-0.06,0,0,5
2021,12,4.9,1,-0.23,13,14,2
2022,12,3.49,10,-1.12,8,8,8
2023,12,24.04,4,0.31,6,12,5
2024,12,8.75,5,-1.03,0,3,4
2025,12,3.03,3,-0.52,0,0,4
2026,10,8.33,5,-1.91,7,11,2
2027,12,7.38,1,-0.02,11,12,6
2028,12,5.52,4,-0.66,12,12,6
2029,10,6.48,2,-1.18,12,12,6
2030,12,13.32,3,-0.44,12,12,3
2031,13,13.19,4,-0.38,12,12,5
2032,11,6.29,8,-0.97,12,12,5
2033,12,7.92,3,-1.97,5,4,9
2034,11,16.94,9,0.27,2,9,6
2035,10,13.46,8,-0.91,4,7,5
2036,11,5.98,4,-2.76,0,0,5
2037,10,5.92,9,-2.41,0,0,3
2038,10,14.43,5,-1.51,7,7,7
2039,12,2.41,6,-2.58,4,3,1
2040,9,5.87,6,-3.14,6,0,7
2041,9,6.88,6,-2.03,0,4,13
2042,10,8.75,3,0.33,2,2,4
2043,12,6.95,7,-2.22,2,2,8
2044,10,5.87,3,-0.4,12,11,3
2045,12,3.97,9,-0.83,8,0,5
2046,12,5,2,-0.89,13,13,2
2047,12,4.95,5,-0.23,12,12,2
2048,9,4.85,5,-1.82,3,6,4
2049,12,7.02,3,-1.67,8,9,7
2050,12,4.66,5,-2.13,7,9,7
2051,12,5.31,7,-1.88,2,0,6
2052,12,5.58,7,-1.15,2,0,6
2053,11,7.92,5,-0.54,3,6,7
2054,12,7.38,3,0.28,6,0,6
2055,12,9.2,3,0.3,4,0,7
2056,10,3.63,12,-2.25,3,0,8
2057,12,4.3,2,-0.98,8,4,5
2058,13,5,1,1.61,13,17,3
2059,11,5.05,2,-0.5,6,4,1
2060,12,8.58,1,-1.13,12,16,1
2061,12,8,11,-2.39,4,12,8
2062,14,14.43,2,0.44,12,12,1
2063,15,5.41,2,0.31,12,12,1
2064,14,5.75,6,-0.81,6,12,2
2065,11,5.92,4,-1.97,6,12,2
2066,12,1.49,11,-0.92,13,12,3
2067,11,6.95,4,-2.59,4,4,5
2068,10,5.31,5,0.04,8,8,4
2069,10,5.47,5,-1.13,6,12,1
2070,16,6.23,4,0.84,12,8,1
2071,10,4.34,10,-3.04,0,5,6
2072,10,5.31,2,-0.06,12,12,3
2073,11,9.97,5,-0.34,11,10,3
2074,12,16.6,6,-2.33,0,0,2
2075,9,7.38,6,-1.83,0,0,2
2076,15,9.48,3,0.52,12,12,1
2077,12,11.7,4,0.12,10,12,3
2078,12,3.49,3,-1.18,16,16,1
2079,10,5.58,6,-0.55,10,8,2
2080,14,14.01,1,0.2,14,16,5
2081,10,6.11,4,-0.22,10,10,1
2082,12,6.04,3,-0.51,12,8,2
2083,13,3.74,1,0.64,12,8,2
2084,12,3.97,5,-1.55,10,6,4
2085,10,5.1,2,-0.17,12,12,1
2086,12,5.31,1,0.58,12,12,1
2087,10,5.98,2,-0.06,14,18,3
2088,15,31.81,4,1.03,13,18,3
2089,11,5.58,2,-0.24,12,17,3
2090,12,3.63,5,-1.59,8,12,7
2091,13,3.52,4,0.84,12,16,2
2092,12,13.73,3,0.43,17,18,3
2093,12,18.54,8,0.54,10,12,2
2094,10,5.87,2,0.79,12,16,3
2095,12,6.23,15,1.54,12,17,7
2096,12,4.85,2,0.8,12,12,2
2097,12,10.38,6,0.21,12,13,2
2098,12,6.23,2,0.98,12,11,0
2099,12,7.53,1,-0.31,14,14,2
2100,12,4.85,1,0.22,15,14,2
2101,10,5.81,5,1.59,10,14,2
2102,12,9.97,3,0.56,10,9,3
2103,12,14.43,3,0.67,12,13,3
2104,12,5.98,1,1.07,14,14,0
2105,16,3.74,2,1.12,16,14,1
2106,12,9.97,2,1.23,12,12,6
2107,11,6.75,2,0.97,12,12,6
2108,12,2.97,2,1.17,12,12,6
2109,13,4.39,9,-0.63,12,8,8
2110,12,7.76,3,-0.22,8,10,1
2111,12,6.95,10,-0.54,12,10,3
2112,12,7.38,1,0.06,8,6,5
2113,12,3.22,3,-1.37,3,3,8
2114,11,3.18,6,-1.12,7,8,4
2115,12,6.48,2,0.36,16,17,3
2116,13,5.1,5,-0.73,12,12,2
2117,15,5.2,4,0.73,14,20,1
2118,14,17.99,2,-1.07,12,15,2
2119,12,7.69,5,0.06,12,11,1
2120,9,6.95,4,-1.66,5,14,6
2121,11,15.18,15,-1.99,11,5,6
2122,15,14.29,2,0.67,16,18,2
2123,12,4.01,4,0.28,12,12,3
2124,13,5.2,1,1.57,12,13,5
2125,15,5.64,3,0.25,12,12,1
2126,11,5.87,9,-0.11,9,1,7
2127,10,4.85,5,-0.07,14,12,1
2128,16,11.24,4,0.52,12,12,1
2129,12,5.15,13,-2.36,12,12,0
2130,14,9.29,2,1.04,12,14,0
2131,11,5.31,3,0.06,12,16,1
2132,14,6.88,3,0.79,12,20,1
2133,15,12.8,1,0.28,12,12,1
2134,12,9.39,3,0.71,12,14,2
2135,12,5.41,2,-0.37,12,12,0
2136,11,5.98,2,0.73,9,8,1
2137,15,6.11,3,-0.79,9,12,1
2138,9,7.46,5,-0.79,12,12,2
2139,16,4.48,6,-0.52,12,12,1
2140,17,5.58,2,0.97,16,18,1
2141,12,9.48,3,0.22,12,9,0
2142,16,18.35,6,0.87,12,12,2
2143,20,8.84,5,0.84,16,19,1
2144,10,13.46,4,0.17,12,12,2
2145,17,4.61,3,0.03,20,20,2
2146,15,2.01,2,1.06,20,20,2
2147,12,4.85,1,0.64,20,20,2
2148,12,13.19,5,0.95,12,16,2
2149,12,2.24,3,0.51,12,12,1
2150,15,16.44,3,1.18,12,12,3
2151,13,6.48,5,0.64,16,16,2
2152,10,8.49,5,-1.31,9,8,3
2153,11,9.02,3,0.05,11,10,3
2154,12,5.2,7,0.15,12,8,5
2155,14,5.64,1,0.88,13,14,3
2156,13,3.66,2,0.26,13,14,3
2157,12,5.58,3,0.14,12,11,5
2158,11,3.35,2,0.58,12,12,2
2159,13,9.97,4,1.03,12,13,1
2160,11,5.98,4,0.1,8,16,3
2161,19,7.38,4,1.14,13,14,3
2162,15,10.8,4,0.46,17,16,2
2163,14,5.2,3,0.98,13,16,3
2164,13,3.97,2,-0.21,12,12,3
2165,10,4.85,6,-0.89,12,12,2
2166,12,7.02,1,0.04,12,12,4
2167,15,12.67,3,0.29,16,14,1
2168,16,9.29,3,-0.21,14,16,5
2169,12,9.11,2,-0.83,11,13,5
2170,10,5.31,2,-0.07,8,9,5
2171,9,5,4,-1.53,14,9,3
2172,9,7.38,5,-1.36,14,9,3
2173,9,4.01,5,-1.66,3,3,4
2174,14,11.35,2,0.46,6,8,13
2175,14,12.3,2,1.08,16,14,2
2176,12,5.81,3,-1.79,4,6,6
2177,9,6.82,5,0.44,8,6,4
2178,11,4.9,2,-0.35,8,8,6
